關鍵字,說明
活動_202601限時特價,有效期間2026/01/05-2026/02/01,以下型號享限時特價(建議售價→促銷價)：S27D300GAC($3,490→$3,290)、S27F612EAC($5,190→$4,990)、S27CG552EC($5,490→$4,990)、S32CG552EC($7,490→$6,990)、C34G55TWWC($10,490→$9,900)、S57CG952NC($79,900→$69,900)、S27FG900XC($59,900→$49,900)、S49FG916EC($24,900→$22,900)、S49DG952SC($42,900→$39,900)、S27FG812SC($32,900→$28,900)、S27DG602SC($26,900→$24,900)、S32DG802SC($36,900→$29,900)、S32FG812SC($34,900→$26,900)、S32FM702UC($10,990→$9,990)、S32FM702UC Followme($13,990→$12,990)、S32FM703UC($10,990→$9,990)、S32FM703UC Followme($13,990→$12,990)、S32FM703UC Followme Pro($15,990→$14,990)、S27C900PAC($45,900→$24,900)、S32DG502EC($8,990→$7,490)、S32DG702EC($19,900→$14,900)、S27FG532EC($5,490→$4,990)
活動_202605_202609螢幕登錄送,電腦螢幕活動RULE,活動名稱：ViewFinity | Odyssey 高解析度6K螢幕強勢登場 三星螢幕登錄送,活動期間：即日起至2026/9/30 23:59,登錄期間：2026/5/1 00:00至2026/10/2 23:59,活動內容：購買指定三星螢幕機種並於登錄網站完成登錄且審核通過後取得活動資格；S27HG806EF、S32HG806ES 登錄送 Steam 1,000元點卡；指定高階螢幕如 S57CG952NC、S49DG952SC、S34BG850SC、S32DG802SC、S27DG602SC、S27FG900XC、S32FG812SC、S27FG812SC、S27FG602SC、S27FG502SC 等登錄送全機延長保固兩年；指定螢幕機種可參加月月抽 Galaxy S26 系列手機,來源網址：https://promotion.twsamsungcampaign.com/2026-mnt-q2-sp/rule.aspx
系列_洗衣機,洗衣機系列,WA,WD,VR,滾筒,直立,WA21A8377GV,WA20A8377GW,型號模式為：WA*,WD*
系列_Odyssey,電競系列，三星專為玩家打造的電競螢幕系列，特色是高刷新率、快速反應時間與沉浸式曲面。
系列_ViewFinity,高解析度/創作者系列，針對設計師、創作者與商務人士的高解析度螢幕系列，強調色彩準確度與多工處理。
系列_SmartMonitor,智慧聯網螢幕，內建TizenOS智慧系統，有三星專屬的APP(與Android TV的APP不同)，不需接電腦即可看Netflix/YouTube，可當電視用的螢幕。包含M5、M7、M8、M9等型號。
術語_Smart系列,指內建三星Tizen智慧系統的螢幕。主要是Smart Monitor系列(M5、M7、M8、M9)，但部分高階電競機種也有內建Smart功能，例如：ARK、Odyssey 3D(G90XF / S27FG900XC)、G70NC、G80SD、G95SC、G65B等。這類會稱為「電競螢幕內建Smart」或「3D螢幕內建Smart」，而非Smart Monitor。簡言之，Smart Monitor一定有Smart，但有Smart不一定是Smart Monitor。
術語_Odyssey3DHub,canonical=game.odyssey_3d_hub；aliases=Odyssey 3D Hub、Odyssey Hub；類別=3D 內容管理軟體；管理相容的 3D 遊戲與內容；definition_only=true；不得由此列證明任何型號支援或推定所有 2D 內容皆可轉換；官方來源=https://www.samsung.com/tw/monitors/gaming/odyssey-3d-g90xf-27-inch-165hz-uhd-ls27fg900xcxzw/
術語_OdysseyHub,canonical=game.odyssey_3d_hub；aliases=Odyssey Hub、Odyssey 3D Hub；類別=legacy 相容別名；舊雲端 key 僅導向 Odyssey 3D Hub 的術語定義；definition_only=true；不得由此列證明任何型號支援、推定內容相容性或更名正式 key；官方來源=https://www.samsung.com/tw/monitors/gaming/odyssey-3d-g90xf-27-inch-165hz-uhd-ls27fg900xcxzw/
別稱_Odyssey3D,裸視3D電競螢幕(G90XF / S27FG900XC)，全球首款不需3D眼鏡的4K電競螢幕，利用眼球追蹤與雙凸透鏡技術呈現立體影像，支援Odyssey Hub能將2D影片轉3D，或觀看原生3D影片，遊玩支援三星3D的3A遊戲大作。型號模式為：Odyssey3D,3D,G90XF,S27FG900*
別稱_G9,Odyssey G9旗艦電競，有包含49吋32:9超寬曲面電競螢幕、NeoG9(MiniLED)與OLEDG9。型號模式為：G9,S49?G9*,S57?G9*
別稱_G8,Odyssey G8高階電競，有包含34吋OLED及32吋4K高階電競螢幕。型號模式為：G8,S27?G8*,S32?G8*,S34?G8*
別稱_G7,Odyssey G7中高階電競，高階電競款，4K規格。型號模式為：G7,S27?G7*,S32?G7*
別稱_G6,Odyssey G6入門OLED，27吋OLED平面電競螢幕。型號模式為：G6,S27?G6*
別稱_G5,Odyssey G5入門電競，高CP值電競款，依型號不同有144Hz/165Hz多種，2K解析度。型號模式為：G5,S27?G5*,S32?G5*
別稱_M9,Smart Monitor M9旗艦OLED，智慧聯網螢幕旗艦款，搭載OLED面板與AI處理器。型號模式為：M9,M90,S32?M9*
別稱_M8,Smart Monitor M8，高階智慧螢幕，32吋4K，附磁吸視訊鏡頭(SlimFitCamera)，支援IoT控制。型號模式為：M8,M80D,S32?M80*
別稱_M7,Smart Monitor M7，進階智慧螢幕，VA平面面板，4K解析度，支援USB-C 65W充電與資料傳輸。型號模式為：M7,M70D,S27?M7*,S32?M7*,S43?M7*
別稱_M5,Smart Monitor M5，入門智慧螢幕，FHD解析度。型號模式為：M5,M50D,S27?M50*,S32?M50*
別稱_S9,ViewFinity S9(5K)，針對Mac用戶設計的27吋5K(5120x2880)螢幕，全金屬機身，霧面面板。型號模式為：S9,S90,S27?S9*
別稱_S8,ViewFinity S8(4K)，專業4K螢幕，適合繪圖設計，支援98%DCI-P3色域。型號模式為：S8,S80,S##?8*
別稱_S6,ViewFinity S6(2K)，商務與多工用途的2K螢幕，常具備100Hz更新率與LAN網路孔。型號模式為：S6,S60,S##?6*
術語_QD-OLED,canonical=panel.qd_oled；aliases=QD-OLED、量子點 OLED、金屬量子點顯色；類別=面板技術；結合量子點色彩轉換與 OLED 自發光特性；definition_only=true；不得單憑此列推定亮度、反應時間或任一型號採用；官方來源=https://www.samsung.com/tw/monitors/oled/
術語_OLED,canonical=panel.oled；aliases=OLED、自發光面板；類別=面板技術；像素可自行發光並呈現深黑與高對比；definition_only=true；反應時間、亮度與防烙印措施須看完整型號；官方來源=https://www.samsung.com/tw/monitors/oled/
術語_FastIPS,canonical=panel.fast_ips；aliases=Fast IPS、快速 IPS；類別=面板技術；著重較快像素反應的 IPS 類型；definition_only=true；不得推定任一型號的反應時間或更新率；官方來源=https://www.samsung.com/tw/monitors/gaming/odyssey-g8-g80hf-27-inch-dual-mode-5k-180hz-qhd-360hz-ls27hg806efxzw/
術語_QuantumMiniLED,canonical=backlight.quantum_mini_led；aliases=Quantum Mini LED、量子 Mini LED、Mini LED；類別=背光技術；以較小型 LED 與分區控光改善亮暗控制；definition_only=true；分區數與峰值亮度須看完整型號；官方來源=https://www.samsung.com/tw/monitors/gaming/odyssey-neo-g9-g95nc-57-inch-240hz-curved-dual-uhd-ls57cg952ncxzw/
術語_MiniLED,canonical=backlight.quantum_mini_led；aliases=Mini LED、Quantum Mini LED、量子 Mini LED；類別=legacy 相容別名；舊雲端 key 僅導向 Quantum Mini LED 的術語定義；definition_only=true；不得將泛指 Mini LED 當作任何三星型號支援 Quantum Mini LED 的證據，分區數與亮度仍須看完整型號；官方來源=https://www.samsung.com/tw/monitors/gaming/odyssey-neo-g9-g95nc-57-inch-240hz-curved-dual-uhd-ls57cg952ncxzw/
術語_QuantumMatrix,canonical=image.quantum_matrix；aliases=Quantum Matrix Technology、量子矩陣技術；類別=影像與背光控制；用於控制相容 Quantum Mini LED 顯示器的亮暗層次；definition_only=true；不得推定所有 Mini LED 型號都支援同一版本；官方來源=https://www.samsung.com/tw/monitors/gaming/odyssey-neo-g9-g95nc-57-inch-240hz-curved-dual-uhd-ls57cg952ncxzw/
術語_GlareFree,canonical=image.glare_free；aliases=Glare Free、無反光技術、抗眩光；類別=表面抗反射技術；用於降低環境光反射；definition_only=true；不得宣稱為所有 OLED 標配或他牌皆無；官方來源=https://www.samsung.com/tw/monitors/oled/
術語_MatteDisplay,canonical=image.matte_display；aliases=Matte Display、霧面螢幕；類別=表面抗反射設計；用於降低光線反射與眩光干擾；definition_only=true；不得與 Glare Free 自動視為同一技術或推定型號支援；官方來源=https://www.samsung.com/tw/support/displays/2022-how-to-use-your-samsung-odyssey-ark-gaming-monitor/
術語_PantoneValidated,canonical=color.pantone_validated；aliases=Pantone Validated、Pantone 彩通認證、膚色色票認證；類別=色彩認證；代表產品通過對應 Pantone 色彩測試；definition_only=true；實際認證範圍須看完整型號；官方來源=https://www.samsung.com/tw/monitors/oled/
術語_DisplayHDR,canonical=hdr.displayhdr；aliases=VESA DisplayHDR、DisplayHDR；類別=HDR 認證家族；不同數字或 True Black 後綴代表不同等級；definition_only=true；各等級不可互換且須看完整型號。
術語_DisplayHDRTrueBlack400,canonical=hdr.displayhdr_true_black_400；aliases=VESA DisplayHDR True Black 400、DisplayHDR True Black 400；類別=HDR 認證等級；definition_only=true；不得推定其他 DisplayHDR 或 OLED 型號具備；官方來源=https://www.samsung.com/tw/monitors/oled/
術語_HDR10,canonical=hdr.hdr10；aliases=HDR10；類別=HDR 格式；definition_only=true；支援與輸入條件須看完整型號規格。
術語_HDR10Plus,canonical=hdr.hdr10_plus；aliases=HDR10+；類別=HDR 格式；definition_only=true；不得與 HDR10+ Gaming 自動互換。
術語_HDR10PlusGaming,canonical=hdr.hdr10_plus_gaming；aliases=HDR10+ Gaming、HDR10 Plus Gaming；類別=遊戲 HDR 格式；definition_only=true；不得由 HDR10 或 HDR10+ 推定支援；官方來源=https://www.samsung.com/tw/monitors/gaming/odyssey-neo-g9-g95nc-57-inch-240hz-curved-dual-uhd-ls57cg952ncxzw/
術語_240Hz,canonical=timing.refresh_240hz；aliases=240Hz、240 赫茲；類別=更新率；每秒最多更新 240 次畫面；definition_only=true；能否在特定解析度或介面達成須查該型號訊號時序。
術語_360Hz,canonical=timing.refresh_360hz；aliases=360Hz、360 赫茲；類別=更新率；每秒最多更新 360 次畫面；definition_only=true；能否在特定解析度或介面達成須查該型號訊號時序。
術語_1000R,canonical=shape.curvature_1000r；aliases=1000R、1000R 曲率；類別=曲率；代表半徑約 1000 mm 的曲面幾何；definition_only=true；舒適度與沉浸感屬使用情境，不能當絕對事實。
術語_4K,canonical=resolution.uhd_4k；aliases=4K、UHD、3840x2160；類別=解析度；常見電腦螢幕 4K UHD 為 3840×2160；definition_only=true。
術語_2K,canonical=resolution.qhd；aliases=2K、QHD、WQHD、2560x1440；類別=解析度；本專案口語 2K 通常指 2560×1440 QHD；definition_only=true；遇到標準定義爭議須以實際像素數回答。
術語_5K,canonical=resolution.5k；aliases=5K、5120x2880；類別=解析度；常見 5K 為 5120×2880；definition_only=true。
術語_DQHD,canonical=resolution.dual_qhd；aliases=DQHD、Dual QHD、5120x1440；類別=解析度；常見為 32:9 的 5120×1440；definition_only=true。
術語_DUHD,canonical=resolution.dual_uhd；aliases=DUHD、Dual UHD、7680x2160；類別=解析度；常見為 32:9 的 7680×2160；definition_only=true。
術語_VRR,canonical=sync.vrr；aliases=VRR、Variable Refresh Rate、可變更新率；類別=畫面同步；讓顯示更新率配合來源幀率以降低撕裂；definition_only=true；不得單憑此列推定 FreeSync 或 G-SYNC 支援。
術語_FreeSync,canonical=sync.freesync；aliases=AMD FreeSync、FreeSync；類別=畫面同步家族；definition_only=true；Premium 與 Premium Pro 是不同等級，不可互換。
術語_FreeSyncPremium,canonical=sync.freesync_premium；aliases=AMD FreeSync Premium、FreeSync Premium；類別=畫面同步等級；definition_only=true；不得推定 Premium Pro。
術語_FreeSyncPremiumPro,canonical=sync.freesync_premium_pro；aliases=AMD FreeSync Premium Pro、FreeSync Premium Pro；類別=畫面同步等級；definition_only=true；支援須看完整型號；官方來源=https://www.samsung.com/tw/monitors/gaming/odyssey-oled-g8-g81sf-27-inch-240hz-oled-uhd-ls27fg812scxzw/
術語_GSyncCompatible,canonical=sync.gsync_compatible；aliases=G-SYNC Compatible、G-Sync 相容、G-Sync Compatible；類別=畫面同步相容性；definition_only=true；不得改稱內建 G-SYNC 模組；官方來源=https://www.samsung.com/tw/monitors/gaming/odyssey-oled-g8-g81sf-27-inch-240hz-oled-uhd-ls27fg812scxzw/
術語_SmartThings,canonical=smart.smartthings；aliases=SmartThings、SmartThings Hub、智慧家庭中樞；類別=智慧平台；用於連結與管理相容智慧裝置；definition_only=true；螢幕是否具 Hub 或可控制的裝置範圍須看完整型號。
術語_CoreSync,canonical=lighting.coresync；aliases=CoreSync、Core Sync、畫面同步環境燈效；類別=燈效同步；將畫面主要色彩延伸到相容螢幕的機背燈效；definition_only=true；conflictsWith=Edge Lighting、Core Lighting+、Infinity Core Lighting、Eclipse Lighting；功能支援只看完整型號列；官方來源=https://www.samsung.com/tw/monitors/gaming/odyssey-oled-g8-g81sf-27-inch-240hz-oled-uhd-ls27fg812scxzw/
術語_EdgeLighting,canonical=lighting.edge_lighting；aliases=Edge Lighting、底部燈效、底部燈光；類別=燈效；讓相容螢幕底部燈光呼應畫面色彩；definition_only=true；conflictsWith=CoreSync、Eclipse Lighting；官方來源=https://www.samsung.com/tw/monitors/gaming/odyssey-3d-g90xf-27-inch-165hz-uhd-ls27fg900xcxzw/
術語_CoreLightingPlus,canonical=lighting.core_lighting_plus；aliases=Core Lighting+、CoreLighting+、Core Lighting Plus；類別=legacy 手冊燈效詞；definition_only=true；目前 Samsung TW 螢幕產品頁未找到現行型號能力證據；只能由適用該完整型號的台灣手冊另行證明；不得與 CoreSync、Infinity Core Lighting 或 Eclipse Lighting 互換。
術語_InfinityCoreLighting,canonical=lighting.infinity_core_lighting；aliases=Infinity Core Lighting、Infinity Core；類別=背面裝飾燈效；Infinity Core Lighting 是三星部分 Odyssey 螢幕背面的裝飾照明，讓螢幕背後呈現燈光效果；名稱本身不代表會跟畫面同步，同步功能需另外確認 CoreSync；definition_only=true；這是術語解釋，不代表所有 G9 或 G8 都支援；實際支援與操作仍須核對該型號的能力資料及手冊；來源=https://news.samsung.com/global/designing-the-gaming-monitors-of-the-future-the-odyssey-g7-and-g9；查證日=2026-09-05。
術語_EclipseLighting,canonical=lighting.eclipse_lighting；aliases=Eclipse Lighting、Eclipse 燈光；類別=Odyssey Ark 燈效系統；definition_only=true；conflictsWith=CoreSync、Edge Lighting、Core Lighting+、Infinity Core Lighting；官方來源=https://www.samsung.com/tw/support/displays/2022-how-to-use-your-samsung-odyssey-ark-gaming-monitor/
術語_EclipseSync,canonical=lighting.eclipse_sync；aliases=Eclipse Sync；類別=legacy 手冊模式詞；definition_only=true；目前 Samsung TW 官網查到的正式頁面用詞為 Eclipse Lighting；只有適用完整型號的台灣手冊直接出現時才可採用；不得改稱 CoreSync。
術語_ActiveAmbient,canonical=lighting.active_ambient；aliases=Active Ambient；類別=Odyssey Ark 環境燈效模式；definition_only=true；不得套用到其他 Odyssey；官方來源=https://www.samsung.com/tw/support/displays/samsung-odyssey-ark-gaming-display-game-tools-instructions/
術語_OLEDSafeguardPlus,canonical=oled.safeguard_plus；aliases=Samsung OLED Safeguard+、OLED Safeguard+、OLED 防烙印保護；類別=OLED 保護功能集合；definition_only=true；實際子功能與支援型號須看完整型號；官方來源=https://www.samsung.com/tw/monitors/oled/
術語_DynamicCoolingSystem,canonical=oled.dynamic_cooling；aliases=Dynamic Cooling System、動態冷卻系統；類別=OLED 保護；以散熱機制協助降低面板熱量；definition_only=true；不得推定所有 OLED 皆有；官方來源=https://www.samsung.com/tw/monitors/gaming/odyssey-oled-g8-g81sf-27-inch-240hz-oled-uhd-ls27fg812scxzw/
術語_ThermalModulationSystem,canonical=oled.thermal_modulation；aliases=Thermal Modulation System、熱調節系統；類別=OLED 保護；依面板溫度調節亮度；definition_only=true；不得推定所有 OLED 皆有；官方來源=https://www.samsung.com/tw/monitors/gaming/odyssey-oled-g8-g81sf-27-inch-240hz-oled-uhd-ls27fg812scxzw/
術語_LogoTaskbarDetection,canonical=oled.logo_taskbar_detection；aliases=Logo and Taskbar Detection、標誌偵測、工作列偵測；類別=OLED 保護；偵測固定標誌或工作列並調整亮度；definition_only=true；不得推定所有 OLED 皆有；官方來源=https://www.samsung.com/tw/monitors/gaming/odyssey-oled-g8-g81sf-27-inch-240hz-oled-uhd-ls27fg812scxzw/
術語_GameBar2,canonical=game.game_bar_2；aliases=Game Bar 2.0、遊戲設定列；類別=遊戲介面；快速查看與調整遊戲顯示設定；definition_only=true；選項與路徑依完整型號而異；官方來源=https://www.samsung.com/tw/monitors/smart/smart-monitor-m8-32-inch-smart-tv-apps-4k-uhd-ls32fm803ucxzw/
術語_UltrawideGameView,canonical=game.ultrawide_game_view；aliases=Ultrawide Game View、超寬遊戲螢幕；類別=遊戲畫面模式；將相容遊戲畫面切換為超寬比例；definition_only=true；支援比例與來源條件須看完整型號；官方來源=https://www.samsung.com/tw/monitors/smart/smart-monitor-m8-32-inch-smart-tv-apps-4k-uhd-ls32fm803ucxzw/
術語_VirtualAimPoint,canonical=game.virtual_aim_point；aliases=Virtual Aim Point、虛擬準星、虛擬準心；類別=遊戲輔助；在畫面中央顯示瞄準標記；definition_only=true；不得推定型號支援；官方來源=https://www.samsung.com/tw/monitors/smart/smart-monitor-m8-32-inch-smart-tv-apps-4k-uhd-ls32fm803ucxzw/
術語_BlackEqualizer,canonical=game.black_equalizer；aliases=Black Equalizer、黑平衡、黑色等化器；類別=遊戲影像調整；用於調整暗部可視度；definition_only=true；不得與 Dynamic Black Equalizer 自動互換。
術語_DynamicBlackEqualizer,canonical=game.dynamic_black_equalizer；aliases=Dynamic Black Equalizer、動態黑色等化器；類別=遊戲影像調整；用於動態調整暗部可視度；definition_only=true；不得由一般黑平衡推定支援；官方來源=https://www.samsung.com/tw/monitors/gaming/odyssey-g7-g70d-32-inch-144hz-1ms-4k-uhd-ls32dg702ecxzw/
術語_MiniMapZoom,canonical=game.minimap_zoom；aliases=Mini Map Zoom、小地圖放大；類別=遊戲輔助；放大遊戲中的小地圖區域；definition_only=true；不得套用到所有 Game Bar；官方來源=https://www.samsung.com/tw/support/displays/samsung-odyssey-ark-gaming-display-game-tools-instructions/
術語_DualMode,canonical=game.dual_mode；aliases=Dual Mode、雙模式；類別=遊戲顯示模式；讓同一螢幕切換不同解析度與更新率組合；definition_only=true；每組數值須由完整型號規格或手冊時序證明；官方來源=https://www.samsung.com/tw/monitors/gaming/odyssey-g8-g80hf-27-inch-dual-mode-5k-180hz-qhd-360hz-ls27hg806efxzw/
術語_AI3DConversion,canonical=image.ai_3d_conversion；aliases=AI 3D 影像轉換、2D 轉 3D；類別=3D 影像功能；把相容 2D 內容轉換成 3D 效果；definition_only=true；內容與硬體限制須看完整型號；官方來源=https://www.samsung.com/tw/monitors/gaming/odyssey-3d-g90xf-27-inch-165hz-uhd-ls27fg900xcxzw/
術語_GlassesFree3D,canonical=image.glasses_free_3d；aliases=裸視 3D、裸眼 3D、Glasses-Free 3D；類別=3D 顯示；以眼球追蹤與視角映射呈現不需眼鏡的 3D；definition_only=true；不得推定所有 Odyssey 支援；官方來源=https://www.samsung.com/tw/monitors/gaming/odyssey-3d-g90xf-27-inch-165hz-uhd-ls27fg900xcxzw/
術語_SamsungVisionAI,canonical=smart.samsung_vision_ai；aliases=Samsung Vision AI、三星 Vision AI；類別=智慧顯示功能品牌；definition_only=true；旗下功能與支援範圍須看完整型號；官方來源=https://www.samsung.com/tw/monitors/smart/smart-monitor-m9-32-inch-smart-tv-apps-4k-oled-ls32fm902scxzw/
術語_OneUITizen,canonical=smart.one_ui_tizen；aliases=One UI Tizen、One UI；類別=智慧操作介面；definition_only=true；不得由 Tizen 自動推定使用此介面版本；官方來源=https://www.samsung.com/tw/monitors/smart/smart-monitor-m8-32-inch-smart-tv-apps-4k-uhd-ls32fm803ucxzw/
術語_Tizen,canonical=smart.tizen；aliases=Tizen、Tizen OS、智慧型 Tizen 作業系統；類別=智慧作業系統；definition_only=true；App、版本與功能須看完整型號。
術語_AIPictureOptimizer,canonical=image.ai_picture_optimizer；aliases=AI Picture Optimizer、AI 影像最佳化；類別=AI 影像；依內容類型調整顯示設定；definition_only=true；不得推定所有智慧螢幕支援；官方來源=https://www.samsung.com/tw/monitors/smart/smart-monitor-m8-32-inch-smart-tv-apps-4k-uhd-ls32fm803ucxzw/
術語_4KAIUpscaling,canonical=image.ai_upscaling_4k；aliases=4K AI Upscaling、4K AI 升頻、AI 影像升頻；類別=AI 影像；將低解析內容提升至接近 4K 的顯示效果；definition_only=true；不得與 Pro 版本互換；官方來源=https://www.samsung.com/tw/monitors/smart/smart-monitor-m8-32-inch-smart-tv-apps-4k-uhd-ls32fm803ucxzw/
術語_AIUpscaling,canonical=image.ai_upscaling_4k；aliases=AI Upscaling、AI 影像升頻、4K AI Upscaling、4K AI 升頻；類別=legacy 相容別名；舊雲端 key 僅導向一般版 4K AI Upscaling 的術語定義；definition_only=true；不得由泛指 AI Upscaling 證明任何型號支援、推定輸出解析度或當作 Pro 版本；官方來源=https://www.samsung.com/tw/monitors/smart/smart-monitor-m8-32-inch-smart-tv-apps-4k-uhd-ls32fm803ucxzw/
術語_4KAIUpscalingPro,canonical=image.ai_upscaling_4k_pro；aliases=4K AI Upscaling Pro、4K AI 升頻 Pro；類別=AI 影像；Pro 版本升頻功能；definition_only=true；不得由一般版推定支援；官方來源=https://www.samsung.com/tw/monitors/smart/smart-monitor-m9-32-inch-smart-tv-apps-4k-oled-ls32fm902scxzw/
術語_AISoccerMode,canonical=smart.ai_soccer_mode；aliases=AI Soccer Mode、AI 足球模式；類別=內容最佳化；針對足球內容調整影像與聲音；definition_only=true；不得與 Pro 版本互換；官方來源=https://www.samsung.com/tw/monitors/smart/smart-monitor-m8-32-inch-smart-tv-apps-4k-uhd-ls32fm803ucxzw/
術語_AISoccerModePro,canonical=smart.ai_soccer_mode_pro；aliases=AI Soccer Mode Pro、AI 專業足球模式；類別=內容最佳化；Pro 版本足球內容最佳化；definition_only=true；不得由一般版推定支援；官方來源=https://www.samsung.com/tw/monitors/smart/smart-monitor-m9-32-inch-smart-tv-apps-4k-oled-ls32fm902scxzw/
術語_ActiveVoiceAmplifierPro,canonical=audio.active_voice_amplifier_pro；aliases=Active Voice Amplifier Pro、智慧抗噪模式；類別=智慧音效；分析環境噪音並加強對話聲；definition_only=true；不得與 Adaptive Sound 系列互換；官方來源=https://www.samsung.com/tw/monitors/smart/smart-monitor-m9-32-inch-smart-tv-apps-4k-oled-ls32fm902scxzw/
術語_AdaptivePicture,canonical=image.adaptive_picture；aliases=Adaptive Picture、智慧偵測環境光源、自動畫質；類別=環境影像調整；依環境光線調整畫面；definition_only=true；不得由名稱推定完整調整範圍。
術語_AdaptiveSound,canonical=audio.adaptive_sound；aliases=Adaptive Sound、智慧偵測音效；類別=智慧音效；依內容或環境調整相容螢幕的音效；definition_only=true；不得推定為 + 或 Pro 版本，確切能力須看完整型號。
術語_AdaptiveSoundPlus,canonical=audio.adaptive_sound_plus；aliases=Adaptive Sound+、Adaptive Sound Plus；類別=智慧音效；definition_only=true；不得與一般版或 Pro 版本互換，確切能力須看完整型號。
術語_AdaptiveSoundPro,canonical=audio.adaptive_sound_pro；aliases=Adaptive Sound Pro；類別=智慧音效；definition_only=true；不得由一般版或 + 版本推定支援，確切能力須看完整型號；官方來源=https://www.samsung.com/tw/monitors/smart/smart-monitor-m9-32-inch-smart-tv-apps-4k-oled-ls32fm902scxzw/
術語_3DMapView,canonical=smart.map_view_3d；aliases=3D Map View、3D 地圖檢視；類別=SmartThings；以空間圖呈現與管理相容裝置；definition_only=true；官方來源=https://www.samsung.com/tw/monitors/smart/smart-monitor-m9-32-inch-smart-tv-apps-4k-oled-ls32fm902scxzw/
術語_KnoxVault,canonical=security.knox_vault；aliases=Samsung Knox Vault、Knox Vault；類別=安全；以隔離式硬體保護敏感資料；definition_only=true；不得由 Knox 名稱推定完整能力；官方來源=https://www.samsung.com/tw/monitors/smart/smart-monitor-m9-32-inch-smart-tv-apps-4k-oled-ls32fm902scxzw/
術語_Workspace,canonical=work.workspace；aliases=Workspace、工作空間；類別=生產力；整合遠端電腦與相容生產力服務；definition_only=true；服務內容須看完整型號與地區；官方來源=https://www.samsung.com/tw/monitors/smart/smart-monitor-m8-32-inch-smart-tv-apps-4k-uhd-ls32fm803ucxzw/
術語_MultiControl,canonical=work.multi_control；aliases=Multi Control、多功能操控；類別=跨裝置操控；以一組鍵鼠控制相容 Galaxy 裝置；definition_only=true；相容條件須看完整型號與裝置；官方來源=https://www.samsung.com/tw/monitors/smart/smart-monitor-m9-32-inch-smart-tv-apps-4k-oled-ls32fm902scxzw/
術語_GamingHub,canonical=smart.gaming_hub；aliases=Samsung Gaming Hub、三星遊戲中心、Gaming Hub；類別=遊戲服務入口；整合相容雲端或主機遊戲服務；definition_only=true；服務可用性依地區與型號；官方來源=https://www.samsung.com/tw/support/displays/2022-how-to-use-your-samsung-odyssey-ark-gaming-monitor/
術語_MultiView,canonical=connection.multi_view；aliases=Multi View、多重視窗；類別=多畫面功能家族；可同時顯示多個來源或應用內容；definition_only=true；不得自動等同 PIP 或 PBP；來源組合與數量須看完整型號。
術語_PIP,canonical=connection.pip；aliases=PIP、Picture in Picture、子母畫面；類別=多畫面模式；在主畫面內顯示第二來源小視窗；definition_only=true；不得由 Multi View 推定型號支援；官方來源=https://www.samsung.com/tw/monitors/gaming/odyssey-neo-g9-g95nc-57-inch-240hz-curved-dual-uhd-ls57cg952ncxzw/
術語_PBP,canonical=connection.pbp；aliases=PBP、Picture by Picture、分割畫面；類別=多畫面模式；並排顯示多個輸入來源；definition_only=true；不得由 Multi View 推定型號支援；官方來源=https://www.samsung.com/tw/monitors/gaming/odyssey-neo-g9-g95nc-57-inch-240hz-curved-dual-uhd-ls57cg952ncxzw/
術語_KVM,canonical=connection.kvm_switch；aliases=KVM、KVM Switch、內建 KVM 切換器；類別=輸入裝置切換；用一組鍵鼠在多台來源裝置間切換；definition_only=true；不得由 PBP 或 USB Hub 推定支援；官方來源=https://www.samsung.com/tw/monitors/high-resolution/viewfinity-s8-s80hf-27-inch-5k-usb-c-easy-connection-ls27h802efaxzw/
術語_AutoSourceSwitchPlus,canonical=connection.auto_source_switch_plus；aliases=Auto Source Switch+、自動來源切換+；類別=輸入切換；偵測新啟用輸入並自動切換來源；definition_only=true；不帶加號的版本不可自動視為相同；官方來源=https://www.samsung.com/tw/monitors/gaming/odyssey-neo-g9-g95nc-57-inch-240hz-curved-dual-uhd-ls57cg952ncxzw/
術語_AutoSourceSwitch,canonical=connection.auto_source_switch；aliases=Auto Source Switch、自動來源切換；類別=輸入切換；偵測輸入來源變化並切換；definition_only=true；不得由此列推定為 Auto Source Switch+。
術語_HDMI-CEC,canonical=connection.hdmi_cec；aliases=HDMI-CEC、Anynet+；類別=裝置控制協定；允許相容 HDMI 裝置傳遞部分控制指令；definition_only=true；支援範圍須看完整型號。
術語_Type-C,canonical=connection.usb_c；aliases=USB-C、USB Type-C、Type-C；類別=實體介面；definition_only=true；接頭外形不能證明具備影像、資料或供電功能，各能力須看完整型號。
術語_USBCPowerDelivery,canonical=connection.usb_c_pd；aliases=USB-C Power Delivery、USB-C PD、USB-C 供電；類別=USB-C 功能；definition_only=true；影像、資料與瓦數各自須看完整型號；官方來源=https://www.samsung.com/tw/monitors/high-resolution/viewfinity-s8-s80hf-27-inch-5k-usb-c-easy-connection-ls27h802efaxzw/
術語_LAN,canonical=connection.lan；aliases=LAN、RJ-45、乙太網路、網路孔；類別=有線網路介面；definition_only=true；不得由 USB-C 或 KVM 推定具備。
術語_AirPlay,canonical=connection.airplay；aliases=AirPlay、Apple AirPlay、蘋果無線投放；類別=無線投放；definition_only=true；相容版本、地區與裝置條件須看完整型號；官方來源=https://www.samsung.com/tw/monitors/smart/smart-monitor-m8-32-inch-smart-tv-apps-4k-uhd-ls32fm803ucxzw/
術語_WirelessDisplay,canonical=connection.wireless_display；aliases=Wireless Display、無線顯示、無線投影；類別=無線投放；definition_only=true；不得與 AirPlay 或手機鏡像自動互換。
術語_WirelessDeX,canonical=connection.wireless_dex；aliases=Wireless DeX、無線 DeX；類別=Galaxy 桌面模式；definition_only=true；相容裝置與型號須分別查證。
術語_RemoteAccess,canonical=work.remote_access；aliases=Remote Access、遠端存取；類別=遠端工作；definition_only=true；服務與協定依型號、地區及軟體版本而異。
術語_MobileToScreen,canonical=connection.mobile_to_screen；aliases=Mobile to Screen、移動裝置螢幕投射、手機投影；類別=手機投放；definition_only=true；不得與 AirPlay、Tap View 或 Screen Mirroring 自動互換。
術語_ScreenInitiatedMirroring,canonical=connection.screen_initiated_mirroring；aliases=Screen initiate mirroring、Screen Initiated Mirroring、螢幕啟動鏡像；類別=跨裝置鏡像；definition_only=true；不得由一般無線顯示推定。
術語_SoundMirroring,canonical=connection.sound_mirroring；aliases=Sound Mirroring、聲音鏡像、音效鏡像；類別=跨裝置音訊；definition_only=true；不得由畫面鏡像推定。
術語_WirelessOn,canonical=connection.wireless_on；aliases=Wireless On、無線喚醒；類別=跨裝置連線；definition_only=true；不得由 Wi-Fi 功能推定。
術語_TapView,canonical=connection.tap_view；aliases=Tap View、輕觸投影；類別=手機投放；definition_only=true；不得與一般螢幕鏡像自動互換。
術語_Thunderbolt4,canonical=connection.thunderbolt_4；aliases=Thunderbolt 4、TB4；類別=高速連接介面；definition_only=true；頻寬、菊鏈、供電與顯示能力須看完整型號。
術語_Thunderbolt5,canonical=connection.thunderbolt_5；aliases=Thunderbolt 5、TB5；類別=高速連接介面；definition_only=true；頻寬、供電與顯示能力須看完整型號；官方來源=https://www.samsung.com/tw/monitors/high-resolution/viewfinity-s8-s85th-40-inch-5k2k-curved-wuhd-ls40h850tacxzw/
術語_HDMI2.1,canonical=connection.hdmi_2_1；aliases=HDMI 2.1、HDMI2.1；類別=連接規格；definition_only=true；版本名稱不能保證特定解析度與更新率組合，須查型號訊號時序。
術語_DP2.1,canonical=connection.displayport_2_1；aliases=DisplayPort 2.1、DP 2.1、DP2.1；類別=連接規格；definition_only=true；版本名稱不能保證特定解析度與更新率組合，須查型號訊號時序。
術語_SamsungDisplayManager,canonical=software.samsung_display_manager；aliases=Samsung Display Manager、三星顯示器管理程式；類別=桌面軟體；用於相容型號的畫面分割、亮度、KVM、PIP/PBP 或校色等管理；definition_only=true；實際項目依型號與作業系統；官方來源=https://www.samsung.com/tw/monitors/high-resolution/viewfinity-s8-s80hf-27-inch-5k-usb-c-easy-connection-ls27h802efaxzw/
術語_MAPT,canonical=network.mapt；aliases=MAPT、MAC Address Pass Through、MAC 位址穿透；類別=網路管理；讓網路端辨識連接裝置的 MAC 位址；definition_only=true；支援須看完整型號；官方來源=https://www.samsung.com/tw/monitors/high-resolution/viewfinity-s8-s80hf-27-inch-5k-usb-c-easy-connection-ls27h802efaxzw/
術語_EasySettingBox,canonical=software.easy_setting_box；aliases=Easy Setting Box、Easy Setting Box 軟體；類別=Windows 視窗管理軟體；用於桌面視窗分割與排列；definition_only=true；不是螢幕硬體 PIP/PBP；官方來源=https://www.samsung.com/tw/monitors/high-resolution/wqhd-clamp-type-monitor-with-space-saving-design-and-144hz-refresh-rate-27-inch-ls27r750qecxzw/
術語_SlimFitCamera,canonical=camera.slimfit_camera；aliases=SlimFit Camera、磁吸式視訊鏡頭；類別=攝影機配件；definition_only=true；是否隨附、解析度與相容型號須看完整型號。
術語_Builtin4KCamera,canonical=camera.builtin_4k_camera；aliases=內建 4K 相機、內建 4K 攝影機；類別=攝影機；definition_only=true；不得由 Smart Monitor 系列名稱推定。
術語_CockpitMode,canonical=ergonomics.cockpit_mode；aliases=Cockpit Mode、駕駛艙模式；類別=Odyssey Ark 人體工學模式；將相容 Ark 旋轉為直向使用；definition_only=true；不得套用到一般 Pivot 螢幕；官方來源=https://www.samsung.com/tw/support/displays/2022-how-to-use-your-samsung-odyssey-ark-gaming-monitor/
術語_ArkDial,canonical=ergonomics.ark_dial；aliases=Ark Dial；類別=Odyssey Ark 專用控制器；definition_only=true；不得推定其他 Odyssey 支援；官方來源=https://www.samsung.com/tw/support/displays/2022-how-to-use-your-samsung-odyssey-ark-gaming-monitor/
術語_FlexMoveScreen,canonical=ergonomics.flex_move_screen；aliases=Flex Move Screen、畫面最適化；類別=Odyssey Ark 畫面調整；用於調整顯示畫面大小與位置；definition_only=true；官方來源=https://www.samsung.com/tw/support/displays/2022-how-to-use-your-samsung-odyssey-ark-gaming-monitor/
術語_EasySetupStand,canonical=ergonomics.easy_setup_stand；aliases=Easy Setup Stand、簡易安裝底座；類別=底座安裝設計；definition_only=true；不得推定包含升降、旋轉或 Pivot；官方來源=https://www.samsung.com/tw/monitors/high-resolution/viewfinity-s8-s85th-40-inch-5k2k-curved-wuhd-ls40h850tacxzw/
術語_HAS,canonical=ergonomics.has；aliases=HAS、Height Adjustable Stand、高度調整底座；類別=底座調整；僅表示可調高度；definition_only=true；Tilt、Swivel、Pivot 必須分別由完整型號規格證明。
術語_Pivot,canonical=ergonomics.pivot；aliases=Pivot、垂直旋轉、轉直；類別=底座調整；表示面板可旋轉成直向；definition_only=true；不得由 HAS 推定。
術語_Swivel,canonical=ergonomics.swivel；aliases=Swivel、左右旋轉；類別=底座調整；表示底座可左右旋轉；definition_only=true；不得由 HAS 推定。
術語_Tilt,canonical=ergonomics.tilt；aliases=Tilt、前後傾斜；類別=底座調整；表示可調整前後傾角；definition_only=true；不得由 HAS 推定。
術語_EyeSaverMode,canonical=eye.eye_saver_mode；aliases=Eye Saver Mode、低藍光護眼模式、低藍光模式；類別=護眼；降低部分藍光輸出；definition_only=true；不得宣稱醫療效果；官方來源=https://www.samsung.com/tw/monitors/full-hd-1080p/essential-monitor-s3-s30gd-24-inch-fhd-ips-100hz-ls24d300gacxzw/
術語_FlickerFree,canonical=eye.flicker_free；aliases=Flicker Free、零閃屏、低閃屏；類別=護眼；減少肉眼不易察覺的畫面閃爍；definition_only=true；不得宣稱完全消除眼睛疲勞；官方來源=https://www.samsung.com/tw/monitors/full-hd-1080p/essential-monitor-s3-s30gd-24-inch-fhd-ips-100hz-ls24d300gacxzw/
術語_EcoSavingPlus,canonical=sustainability.eco_saving_plus；aliases=Eco Saving Plus、省電模式自由選；類別=省電功能；依畫面與設定降低耗電；definition_only=true；不得推定所有型號支援；官方來源=https://www.samsung.com/tw/monitors/full-hd-1080p/essential-monitor-s3-s30gd-24-inch-fhd-ips-100hz-ls24d300gacxzw/
術語_SolarCell,canonical=accessory.solarcell_remote；aliases=SolarCell Remote、太陽能智慧遙控器、太陽能遙控器；類別=遙控器；可透過環境光協助充電；definition_only=true；是否隨附須看完整型號。
術語_ScreenProtectionMode,canonical=oled.screen_protection_mode；aliases=Screen Protection Mode、螢幕保護模式、閒置自動調暗；類別=OLED 保護；螢幕閒置一段時間後自動調暗並在偵測操作後恢復；definition_only=true；不得推定所有 OLED 支援或固定等待時間；官方來源=https://www.samsung.com/tw/monitors/gaming/odyssey-oled-g8-g81sf-27-inch-240hz-oled-uhd-ls27fg812scxzw/
術語_MultiDeviceExperience,canonical=smart.multi_device_experience；aliases=Multi Device Experience、多裝置體驗、跨裝置智能生活；類別=跨裝置功能集合；可包含 Mobile to Screen、Screen initiate mirroring、Sound Mirroring、Wireless On 與 Tap View；definition_only=true；各子功能與支援裝置須看完整型號；官方來源=https://www.samsung.com/tw/monitors/smart/smart-monitor-m9-32-inch-smart-tv-apps-4k-oled-ls32fm902scxzw/
術語_SmartCalibration,canonical=color.smart_calibration；aliases=Smart Calibration、智慧校色；類別=校色；使用相容 Galaxy 行動裝置協助校色；definition_only=true；基本或專業等級、相容裝置與步驟須看完整型號；官方來源=https://www.samsung.com/tw/monitors/smart/smart-monitor-m9-32-inch-smart-tv-apps-4k-oled-ls32fm902scxzw/
術語_LongDistanceVoiceRecognition,canonical=voice.long_distance_recognition；aliases=Long-distance Voice Recognition、長距離語音辨識、長距離語音辨識技術；類別=語音控制；讓相容智慧螢幕接收較遠距離的語音指令；definition_only=true；語音助理、語言與地區可用性須看完整型號；官方來源=https://www.samsung.com/tw/monitors/smart/smart-monitor-m9-32-inch-smart-tv-apps-4k-oled-ls32fm902scxzw/
術語_ImageSize,canonical=image.image_size；aliases=Image Size、影像尺寸、畫面尺寸調整；類別=畫面顯示；依來源與模式調整顯示比例或畫面尺寸；definition_only=true；可選比例須看完整型號與目前輸入模式。
術語_OffTimerPlus,canonical=power.off_timer_plus；aliases=Off Timer Plus、定時關機加強版、定時關機；類別=電源管理；可依設定時間關閉螢幕；definition_only=true；不得與閒置省電或螢幕保護模式混用。
術語_FactoryCalibration,canonical=color.factory_calibration；aliases=Factory Calibration、工廠出廠調校、工廠出廠校正報告；類別=色彩校正；代表產品出廠時經校正或附校正報告；definition_only=true；是否附報告與校正範圍須看完整型號。
術語_MyContents,canonical=smart.my_contents；aliases=My Contents、我的內容；類別=智慧內容；讓相容智慧螢幕在閒置或待機情境顯示個人化內容；definition_only=true；內容來源與支援條件須看完整型號；官方來源=https://www.samsung.com/tw/monitors/high-resolution/viewfinity-s9-5k-27-inch-ls27c900pacxzw/
術語_Bixby,canonical=voice.bixby；aliases=Bixby、Bixby 語音助理；類別=語音助理；三星語音助理；definition_only=true；語言、地區與型號支援須分別查證；官方來源=https://www.samsung.com/tw/monitors/gaming/odyssey-oled-g8-g80sd-32-inch-oled-240hz-ls32dg802scxzw/
術語_SamsungTVPlus,canonical=smart.samsung_tv_plus；aliases=Samsung TV Plus、三星免費影音平台；類別=串流服務；三星的網路影音服務入口；definition_only=true；頻道、地區與型號可用性可能變動，須再查當下服務資訊。
術語_Microsoft365,canonical=work.microsoft_365；aliases=Microsoft 365、Office 365；類別=生產力服務；讓相容智慧螢幕存取 Microsoft 雲端生產力服務；definition_only=true；帳號、訂閱與地區條件須另行確認。
術語_NiftyGateway,canonical=smart.nifty_gateway；aliases=Nifty Gateway、NFT Nifty Gateway；類別=legacy 智慧服務；definition_only=true；屬可能變動或停止的第三方服務，不得只憑舊規格宣稱目前可用。
術語_VESAAdaptiveSync,canonical=sync.vesa_adaptive_sync；aliases=VESA Adaptive-Sync、Adaptive-Sync；類別=畫面同步認證；VESA 的可變更新率顯示認證；definition_only=true；不得自動等同 FreeSync 或 G-SYNC Compatible。
術語_EcoLightSensor,canonical=sustainability.eco_light_sensor；aliases=Eco Light Sensor、節能光源感測；類別=節能感測；依環境光線協助調整耗電或亮度；definition_only=true；不得與 Adaptive Picture 視為同一功能。
術語_LowInputLag,canonical=game.low_input_lag；aliases=Low Input Lag、低輸入延遲、低輸入延遲技術；類別=遊戲反應；用於降低來源輸入到畫面顯示的延遲；definition_only=true；不得推定具體延遲數值。
術語_RefreshRateOptimizer,canonical=game.refresh_rate_optimizer；aliases=Refresh Rate Optimizer、更新頻率調整；類別=遊戲顯示；調整相容機型的更新率設定；definition_only=true；可選值與訊號條件須查完整型號。
術語_SuperArenaGamingUX,canonical=game.super_arena_gaming_ux；aliases=Super Arena Gaming UX、超級電競模式 UX、超級電競模式UX；類別=遊戲介面；三星部分 Odyssey 機型使用的遊戲設定介面名稱；definition_only=true；不得推定所有 Odyssey 皆有。
術語_DaisyChain,canonical=connection.daisy_chain；aliases=Daisy Chain、菊鏈、DisplayPort Out、DP Out；類別=多螢幕連接；透過 DisplayPort 輸出串接下一台相容螢幕；definition_only=true；數量、解析度與 MST 條件須看完整型號。
術語_USBHub,canonical=connection.usb_hub；aliases=USB Hub、USB 集線器；類別=連接；讓螢幕提供 USB 下行連接；definition_only=true；埠數、速率與上行方式須看完整型號。
術語_QuantumAIProcessor,canonical=image.quantum_ai_processor；aliases=Quantum AI Processor、量子 AI 高效處理器；類別=影像處理；三星部分高階顯示器的影像處理器名稱；definition_only=true；版本與功能須看完整型號。
術語_MagicRotationAuto,canonical=ergonomics.magic_rotation_auto；aliases=Samsung MagicRotation Auto、MagicRotation Auto；類別=畫面旋轉；讓相容螢幕配合實體旋轉調整顯示方向；definition_only=true；不得由一般 Pivot 推定支援。
術語_OneConnect,canonical=connection.one_connect；aliases=One Connect、美型集線器；類別=外接集線盒；將部分輸入與連接埠集中於外接盒；definition_only=true；是否隨附及介面配置須看完整型號。
術語_DolbyAtmos,canonical=audio.dolby_atmos；aliases=Dolby Atmos、杜比全景聲；類別=音訊格式；提供相容內容的空間音效體驗；definition_only=true；喇叭配置與內容支援須看完整型號。
術語_UltrawideMonitor,canonical=category.ultrawide_monitor；aliases=超寬顯示器、超寬螢幕、Ultrawide Monitor；類別=顯示器類型；實體螢幕比例通常較寬，可增加橫向工作空間；definition_only=true；不得與 Ultrawide Game View 畫面模式互換；實際比例須看完整型號；官方來源=https://www.samsung.com/tw/monitors/
術語_CurvedDisplay,canonical=shape.curved_display；aliases=曲面顯示器、曲面螢幕、Curved Monitor；類別=螢幕形狀；面板為曲面設計；definition_only=true；曲率數值及舒適或沉浸效果須看型號與使用情境；官方來源=https://www.samsung.com/tw/monitors/
術語_ScreenResolution,canonical=resolution.screen_resolution；aliases=螢幕解析度、顯示解析度、Screen Resolution；類別=影像規格；表示畫面橫向×縱向的像素數；definition_only=true；高解析度不等於尺寸較大，實際像素數須看完整型號；官方來源=https://www.samsung.com/tw/monitors/
術語_FullHD,canonical=resolution.full_hd；aliases=Full HD、FHD、1920×1080、1920x1080、1080p；類別=解析度；常見 16:9 解析度為 1920×1080；definition_only=true；不得由此推定任一型號採用；官方來源=https://www.samsung.com/tw/monitors/
術語_AspectRatio,canonical=display.aspect_ratio；aliases=螢幕比例、畫面比例、長寬比、Aspect Ratio；類別=畫面格式；表示畫面寬與高的比例；definition_only=true；21:9 或 32:9 能否使用須看完整型號與輸入來源；官方來源=https://www.samsung.com/tw/monitors/
術語_RefreshRate,canonical=timing.refresh_rate；aliases=更新頻率、更新率、刷新率、Refresh Rate、Hz；類別=顯示時序；每秒重新繪製畫面的次數；definition_only=true；具體數值與解析度、介面的同時條件須查完整型號訊號時序；官方來源=https://www.samsung.com/tw/monitors/
術語_ResponseTime,canonical=timing.response_time；aliases=反應時間、響應時間、Response Time；類別=顯示時序；表示像素狀態改變所需時間；definition_only=true；數字必須連同 GtG、MPRT 等測量方法與完整型號回答；官方來源=https://www.samsung.com/tw/monitors/
術語_BuiltInSpeakers,canonical=audio.built_in_speakers；aliases=內建喇叭、內置喇叭、Built-in Speakers；類別=音訊硬體；表示螢幕機身內建音訊輸出；definition_only=true；是否具備、功率及聲道須看完整型號；官方來源=https://www.samsung.com/tw/monitors/
術語_IPS,canonical=panel.ips；aliases=IPS、In-Plane Switching、IPS 面板；類別=LCD 面板技術；常見特性為較寬視角與穩定色彩；definition_only=true；不得推定具體反應時間、色域或對比值；官方來源=https://www.samsung.com/tw/monitors/
術語_VA,canonical=panel.va；aliases=VA、Vertical Alignment、VA 面板；類別=LCD 面板技術；常見特性為較深黑位與較高原生對比；definition_only=true；不得推定具體對比或反應時間；官方來源=https://www.samsung.com/tw/monitors/
術語_HDR,canonical=hdr.high_dynamic_range；aliases=HDR、High Dynamic Range、高動態範圍；類別=影像概念；用於擴展亮度、對比與色彩表現；definition_only=true；不得由此推定 HDR10、HDR10+ 或 DisplayHDR 等級；官方來源=https://www.samsung.com/tw/monitors/
術語_GSync,canonical=sync.gsync；aliases=G-SYNC、G-Sync；類別=畫面同步家族；NVIDIA 畫面同步技術的上位名稱；definition_only=true；不得自動等同 G-SYNC Compatible 或內建 G-SYNC 模組；官方來源=https://www.samsung.com/tw/monitors/
術語_SmartTV,canonical=smart.smart_tv；aliases=Smart TV、智慧電視、智慧電視功能；類別=智慧平台；螢幕內建網路應用與影音功能；definition_only=true；不等於內建電視選台器或同軸輸入；官方來源=https://www.samsung.com/tw/monitors/
術語_StreamingServices,canonical=smart.streaming_services；aliases=內建串流服務、串流影音服務、Streaming Services；類別=智慧影音；可直接使用相容影音 App；definition_only=true；服務、帳號、訂閱與地區可用性可能變動，不得推定任一型號當下可用；官方來源=https://www.samsung.com/tw/monitors/
術語_VoiceControl,canonical=voice.voice_control；aliases=語音指令、語音控制、Voice Control；類別=語音交互；用語音操作相容功能；definition_only=true；不得由此推定 Bixby、語言或遠距收音能力；官方來源=https://www.samsung.com/tw/monitors/
術語_IoTIntegration,canonical=smart.iot_integration；aliases=IoT 整合、物聯網整合、IoT Integration；類別=智慧裝置；表示與相容智慧裝置聯動的上位概念；definition_only=true；SmartThings 是平台實例，不可將兩者完全互換；官方來源=https://www.samsung.com/tw/monitors/
術語_NetworkConnectivity,canonical=connection.network_connectivity；aliases=網路連線、網路連接、Network Connectivity；類別=網路；表示螢幕可透過某種網路介面使用線上功能；definition_only=true；不得由此推定是 Wi-Fi 或 LAN；官方來源=https://www.samsung.com/tw/monitors/
術語_USBCVideo,canonical=connection.usb_c_video；aliases=USB-C 影片輸出、USB-C 影像輸出、USB-C DisplayPort 視訊、DisplayPort over USB-C；類別=連接；表示 USB-C 連接可承載 DisplayPort 影像訊號；definition_only=true；只有 Type-C 接頭不能證明支援；官方來源=https://www.samsung.com/tw/monitors/
術語_HDMI,canonical=connection.hdmi；aliases=HDMI、高畫質多媒體介面；類別=數位影音連接；可傳輸數位影像與音訊；definition_only=true；接頭尺寸、版本、數量與時序能力須看完整型號；官方來源=https://www.samsung.com/tw/monitors/
術語_DisplayPort,canonical=connection.displayport；aliases=DisplayPort、DP；類別=數位影音連接；可傳輸數位影像與音訊；definition_only=true；版本、數量、MST 與時序能力須看完整型號；官方來源=https://www.samsung.com/tw/monitors/
術語_ErgonomicDesign,canonical=ergonomics.adjustability；aliases=人體工學設計、Ergonomic Design、可調式支架；類別=人體工學上位概念；可能包含高度、傾斜、左右或垂直旋轉調整；definition_only=true；不得由此推定 HAS、Pivot、Swivel 或 Tilt 的任一項；官方來源=https://www.samsung.com/tw/monitors/
能力_S49DG952SC,model=S49DG952SC；aliases=G95SD、LS49DG952SCXZW；capabilities=CoreSync；evidence=official_product_page；checkedAt=2026-09-04；source=https://www.samsung.com/tw/monitors/gaming/odyssey-oled-g9-49-inch-oled-dual-qhd-ls49dg952scxzw/
能力_S27FG812SC,model=S27FG812SC；aliases=G81SF、LS27FG812SCXZW；capabilities=QD-OLED、Glare Free、Samsung OLED Safeguard+、Dynamic Cooling System、Thermal Modulation System、Logo and Taskbar Detection、Screen Protection Mode、VESA DisplayHDR True Black 400、AMD FreeSync Premium Pro、G-SYNC Compatible、CoreSync、PIP、Ultrawide Game View、Auto Source Switch+；evidence=official_product_page；checkedAt=2026-09-04；source=https://www.samsung.com/tw/monitors/gaming/odyssey-oled-g8-g81sf-27-inch-240hz-oled-uhd-ls27fg812scxzw/
能力_S27FG900XC,model=S27FG900XC；aliases=G90XF、LS27FG900XCXZW；capabilities=Odyssey 3D Hub、AI 3D 影像轉換、裸視 3D、Edge Lighting；evidence=official_product_page；checkedAt=2026-09-04；source=https://www.samsung.com/tw/monitors/gaming/odyssey-3d-g90xf-27-inch-165hz-uhd-ls27fg900xcxzw/
能力_S32FM902SC,model=S32FM902SC；aliases=M90SF、LS32FM902SCXZW；capabilities=QD-OLED、Samsung Vision AI、One UI Tizen、AI Picture Optimizer、4K AI Upscaling Pro、AI Soccer Mode Pro、Active Voice Amplifier Pro、Multi Device Experience、Multi View、Smart Calibration 基本、Knox Vault、Remote Access、Wireless Display、Game Bar 2.0、Auto Source Switch+、Adaptive Picture、Adaptive Sound Pro、Ultrawide Game View、USB-C Power Delivery 90W；evidence=official_product_page；checkedAt=2026-09-04；source=https://www.samsung.com/tw/monitors/smart/smart-monitor-m9-32-inch-smart-tv-apps-4k-oled-ls32fm902scxzw/
能力_S32FM803UC,model=S32FM803UC；aliases=M80F、LS32FM803UCXZW；capabilities=Samsung Vision AI、One UI Tizen、AI Picture Optimizer、4K AI Upscaling、AI Soccer Mode、SmartThings Hub、Multi Device Experience、Multi View、Smart Calibration 基本、Knox Vault、Remote Access、Game Bar 2.0、Adaptive Sound Pro、Ultrawide Game View；evidence=official_product_page；checkedAt=2026-09-04；source=https://www.samsung.com/tw/monitors/smart/smart-monitor-m8-32-inch-smart-tv-apps-4k-uhd-ls32fm803ucxzw/
能力_S27H802EFA,model=S27H802EFA；aliases=S80HF、LS27H802EFAXZW；capabilities=PIP、PBP、KVM Switch、Auto Source Switch+、USB-C Power Delivery 90W、LAN、Samsung Display Manager、MAPT、HAS、Pivot、Swivel、Tilt；evidence=official_product_page；checkedAt=2026-09-04；source=https://www.samsung.com/tw/monitors/high-resolution/viewfinity-s8-s80hf-27-inch-5k-usb-c-easy-connection-ls27h802efaxzw/
能力_S57CG952NC,model=S57CG952NC；aliases=G95NC、LS57CG952NCXZW；capabilities=Quantum Mini LED、Quantum Matrix Technology、AMD FreeSync Premium Pro、PIP、PBP、Auto Source Switch+；evidence=official_product_page；checkedAt=2026-09-04；source=https://www.samsung.com/tw/monitors/gaming/odyssey-neo-g9-g95nc-57-inch-240hz-curved-dual-uhd-ls57cg952ncxzw/
能力_S55BG970NC,model=S55BG970NC；aliases=Odyssey Ark、Ark、LS55BG970NCXZW；capabilities=Matte Display、Eclipse Lighting、Active Ambient、Mini Map Zoom、Cockpit Mode、Ark Dial、Flex Move Screen、Samsung Gaming Hub、Multi View；evidence=official_support_and_product_page；checkedAt=2026-09-04；source=https://www.samsung.com/tw/support/displays/2022-how-to-use-your-samsung-odyssey-ark-gaming-monitor/
能力_S32DG702EC,model=S32DG702EC；aliases=G70D、LS32DG702ECXZW；capabilities=Dynamic Black Equalizer；evidence=official_product_page；checkedAt=2026-09-04；source=https://www.samsung.com/tw/monitors/gaming/odyssey-g7-g70d-32-inch-144hz-1ms-4k-uhd-ls32dg702ecxzw/
WA21A8377GV,型號：WA21A8377GV,噴射雙潔淨直立洗衣機 21 KG,松木黑,洗衣容量21.0kg,BubbleStorm™泡泡淨科技,數位變頻馬達,Active Bubble™超能旋風泡泡淨,Dual Storm™雙渦流洗衣盤,Speed Spray™噴射快洗,蒸氣除菌(去除99.9%細菌),強力洗淨+,VRT™減震靜音技術,極致鑽石鋼槽,不鏽鋼洗衣盤,旋鈕+觸控面板顯示,強化玻璃上蓋,緩降式設計,環保槽洗淨(去除99%細菌),Smart Control智慧控制,Smart Check簡易故障排除,支援SmartThings App,Wifi連接,溫水去汙,嬰兒衣物,床單,輕柔衣物,10段水位調整,預約/兒童鎖/門鎖,金級省水標章,VDE馬達20年壽命認證,Intertek認證,馬達20年保固,NCC認證ID:CCAO20LP0130T2,機身尺寸700x1131x748mm,淨重61kg。
LS27FG706ECXZW,型號：S27FG706EC,27吋Odyssey G7 平面電競顯示器 G70F,27吋16:9 IPS平面螢幕,4K UHD(3840x2160)/FHD雙模式可切換,最大4K 180Hz更新頻率及FHD 360Hz更新頻率,1ms(GtG)反應時間,HDR10+ Gaming,350/280 cd㎡亮度(典型/最小),原生對比1000:1,178°寬廣視角,10.7億色彩支援,sRGB 99%,節能模式,低藍光模式,零閃屏,Windows 11認證,支援AMD FreeSync Premium,Off Timer Plus,黑平衡,虛擬準心,超級電競模式UX,自動來源切換+,影像尺寸調整,PIP、PBP畫面分割功能,介面：DisplayPort 1.4 x1(HDCP 2.2)、HDMI 2.1 x2(HDCP 2.2)、耳機孔、USB-B上行x1、USB-A下行x2(3.2 Gen1),操作環境溫度10–40℃、濕度10–80%,工廠出廠色彩校正與報告,黑色機身與底座(HAS PIVOT底座，120mm高度調整),前後傾斜-2°~25°、左右旋轉-30°~30°、垂直旋轉-92°~92°,VESA 100x100mm壁掛,電源AC 100–240V外接電源變壓器,最大耗電78W,尺寸含底座613x553.2x263.5mm,不含底座613x361.5x73.8mm,包裝尺寸695x159x478mm,重量含底座7.1kg、不含底座3.9kg、包裝重量8.9kg,配件1.5m電源線,HDMI線,DP線,USB 3.0線
LS27FG532ECXZW,型號：S27FG532EC,OdysseyG5 G53F 27吋平面電競顯示器,27吋16:9 IPS平面螢幕,QHD(2560x1440),HDR10,亮度300/240 cd㎡,對比1000:1,178°視角,16.7M色,NTSC 72%,更新頻率200Hz,反應時間1ms(MPRT),支援AMD FreeSync Premium,低藍光模式,省電模式自由選,Off Timer Plus,黑平衡,虛擬準心,更新頻率調整,超級電競模式UX,自動來源切換,介面:DisplayPort 1.4 x1(HDCP 2.2),HDMI 2.0 x2(HDCP 2.2),耳機孔 x1,操作環境:溫度10–40℃/濕度10–80%,設計:黑色機身與簡約型底座,前後傾斜-2~20°,VESA壁掛75x75mm,電源:AC100–240V 50/60Hz,最大耗電48W,外接電源變壓器,尺寸含底座:613.2x463.1x217.4mm,尺寸不含底座:613.2x364.5x50.4mm,包裝尺寸:707x162x430mm,重量含底座:3.9kg,不含底座:3.5kg,包裝重量:5.7kg,配件:1.5m電源線,HDMI連接線,DP連接線。
LS32DG802SCXZW,型號：S32DG802SC,32吋Odyssey OLED G8 平面電競顯示器 G80SD,32吋16:9 OLED平面螢幕,4K UHD(3840x2160),亮度典型250 cd㎡/最低200 cd㎡,原生對比1,000,000:1,動態對比Mega DCR,HDR10+ Gaming,更新頻率最高240Hz,反應時間0.03ms(GtG),可視角度178°(H)/178°(V),色彩支援10.7億色,色域覆蓋99%(CIE1976),低藍光模式,零閃屏,金屬量子點顯色技術,PIP/PBP多畫面分割,Windows 11認證,AMD FreeSync Premium Pro支援,G-Sync相容,Off Timer Plus,虛擬準心,Core Sync,Game Bar 2.0,HDMI-CEC,自動來源切換 Auto Source Switch+,智慧偵測環境光源,超寬遊戲螢幕支援,Tizen作業系統,Bixby語音助理,SmartThings Hub，多重視窗及遠端存取功能,WiFi5與藍牙5.2,10W立體聲喇叭,Adaptive Sound Pro智慧音效,操作溫度0~40℃,濕度10~80%,銀色機身與HAS PIVOT底座(120mm高),前後傾斜-2°~25°,左右旋轉-30°~+30°,垂直旋轉-92°~+92°,VESA壁掛100x100mm,再生資源塑料含量,電源AC 100~240V外接變壓器,最大耗電180W,尺寸含底座719.7x584.6x263.5mm,不含底座719.7x414.7x49.2mm,包裝尺寸815x200x530mm,重量含底座8.4kg,不含底座5.3kg,包裝重量12.0kg,配件含1.5m電源線、HDMI線、DP線、USB 3.0線及太陽能智慧遙控器。
LS37FG752ECXZW,型號：S37FG752EC,37吋Odyssey G7 曲面電競顯示器 G75F,37吋16:9 VA曲面螢幕,1000R曲率,4K UHD(3840x2160)解析度,亮度350/280 cd㎡(典型/最小),原生對比3000:1,動態對比Mega DCR,HDR:VESA DisplayHDR 600與HDR10+ Gaming,色彩支援10.7億,色域DCI 90%，sRGB 99%,更新頻率165Hz,反應時間1ms(GtG),節能模式,低藍光模式,零閃屏,PIP子母畫面,影像尺寸調整,Windows 11認證,支援AMD FreeSync Premium Pro,Off Timer Plus,黑平衡,虛擬準心,Core Sync,超級電競模式UX,自動來源切換Auto Source Switch+,超寬遊戲螢幕支援,介面:DisplayPort 1.4x1(HDCP 2.2),HDMI 2.1x2(HDCP 2.2),耳機孔,USB-B上行1,USB-A下行2(3.2 Gen1),操作溫度10–40 ℃、濕度10–80%,工廠出廠調校及校正報告,黑色機身與底座(HAS高度調整120 mm),前後傾斜-5°～20°,左右旋轉-20°～20°,VESA壁掛100x100 mm,再生塑料含量10%以上,電源:AC100–240 V外接電源變壓器,最大耗電140 W,尺寸含底座816x674.4x303.8 mm,尺寸不含底座816x483.2x170.8 mm,包裝尺寸911x240x579 mm,重量含底座11.2 kg，不含底座7.2 kg，包裝重量15.1 kg,配件包含1.5 m電源線、DP連接線、USB 3.0線
LS49CG954SCXZW,型號：S49CG954SC,49吋Odyssey OLED G9 曲面電競顯示器 G95SC,49吋32:9 OLED曲面螢幕,1800R曲率,DQHD(5120x1440)解析度,亮度典型250 cd㎡/最小200 cd㎡,原生對比1,000,000:1,VESA DisplayHDR True Black 400與HDR10+ Gaming,更新頻率最高240Hz,反應時間0.03ms(GtG),可視角度178°(H)/178°(V),色彩支援10.7億色,色域99%(CIE1976),低藍光模式,零閃屏,金屬量子點顯色技術,遊戲模式,PIP/PBP分割畫面,Windows 10認證,支援AMD FreeSync Premium Pro與G-Sync相容,VESA Adaptive-Sync,虛擬準心,Core Sync,Game Bar 2.0,HDMI-CEC,自動來源切換Auto Source Switch+,智慧偵測環境光源(Adaptive picture),內建智慧電視功能及多裝置連接，作業系統Tizen，WiFi 5與藍牙5.2，立體聲5W*2喇叭，Adaptive Sound Pro音效,操控溫度10~40℃，濕度10~80%,銀色金屬機身與HAS高度調整底座(120mm高)，前後傾斜-2°~15°，壁掛100x100mm，電源AC 100~240V外接變壓器，最大耗電220W，尺寸含底座1194.7x529.3x236.9mm，不含底座1194.7x365.0x180.8mm，包裝尺寸1352x240x474mm，重量含底座12.6kg，不含底座8.8kg，包裝重量18.1kg，配件含1.5m電源線、HDMI轉Micro HDMI線、DP連接線、USB-C充電遙控器。
LS27DG502ECXZW,型號：S27DG502EC,27吋Odyssey G5 IPS 平面電競顯示器 G50D,27吋16:9 Fast IPS 平面螢幕,QHD(2560x1440),亮度350/280 cd㎡,原生對比1000:1,Mega ∞ DCR 動態對比,VESA DisplayHDR 400,更新頻率最高180Hz,反應時間1ms(GtG),可視角度178°(H)/178°(V),色彩支援16.7M,sRGB 覆蓋率99%,支援AMD FreeSync與G-Sync 相容,低藍光模式,零閃屏,影像尺寸調整,Windows 11 認證,Off Timer Plus,黑平衡,虛擬準心,更新頻率調整,超級電競模式UX,自動來源切換 Auto Source Switch+,介面：DisplayPort 1.2 x1(HDCP 2.2)、HDMI 2.0 x1(HDCP 2.2)、耳機孔 x1,操作溫度10~40℃、濕度10~80%,HAS PIVOT 人體工學底座,高度調整120mm,左右旋轉-30°~30°,前後傾斜-2°~25°,垂直旋轉-92°~92°,VESA 壁掛100x100mm,電源供應AC 100~240V 外接電源變壓器,耗電量(最高)48W,尺寸含腳架613x552x263.5mm,不含腳架613x361.5x70mm,包裝尺寸695x159x478mm,重量含腳架6.4kg,不含腳架3.4kg,包裝重量8.3kg,配件：1.5m 電源線、HDMI 連接線、DP 連接線。
LS27CG552ECXZW,型號：S27CG552EC,27吋1000R Odyssey G5 曲面電競顯示器 G55C,27吋16:9 VA 曲面螢幕,1000R 曲率,QHD(2560x1440) 解析度,可視面積596.736x335.664mm,亮度300/200 cd㎡(典型/最小),原生對比2500:1,動態對比Mega ∞ DCR,HDR10,更新頻率最高165Hz,反應時間1ms(MPRT),可視角度178°(H)/178°(V),色彩支援16.7M,內建QHD高解析與1000R沉浸曲面設計,主打震撼視野與真實臨場感,支援低藍光模式與低閃屏護眼,AMD FreeSync 提供流暢畫面,具備Off Timer Plus,黑平衡,低輸入延遲,虛擬準心,更新頻率調整,超級電競模式UX,自動來源切換Auto Source Switch+,影像尺寸調整功能,Windows 11 認證,PC與AV多種色彩模式(Entertain/Graphic/Eco/Game Standard/RPG/RTS/FPS/Sports/Original/Custom等),黑色機身與Y型底座,前後傾斜-2°~18°,支援75x75mm VESA 壁掛,電源為AC 100~240V 外接電源變壓器,最大耗電40W,機身含底座尺寸616.6x477.4x272.6mm,不含底座614.6x382.8x120.0mm,包裝尺寸679x188x438mm,重量含底座4.1kg,不含底座3.7kg,包裝重量6kg,配件含1.5m 電源線、HDMI 連接線與DP 連接線。
LS32DG502ECXZW,型號：S32DG502EC,32吋Odyssey G5 IPS 平面電競顯示器 G50D,32吋16:9 Fast IPS 平面螢幕,QHD(2560x1440) 解析度,可視面積698.112x392.688mm,亮度350/280 cd㎡(典型/最小),原生對比1000:1,動態對比Mega ∞ DCR,VESA DisplayHDR 400,更新頻率最高180Hz,反應時間1ms(GtG),可視角度178°(H)/178°(V),色彩支援16.7M,sRGB 99% 覆蓋,具2K QHD與Fast IPS廣視角畫質特色,支援AMD FreeSync與G-Sync相容,低藍光模式、零閃屏、影像尺寸調整,Windows 11認證,Off Timer Plus,黑平衡,虛擬準心,更新頻率調整,超級電競模式UX,自動來源切換Auto Source Switch+,介面：DisplayPort 1.2 x1(HDCP 2.2)、HDMI 2.0 x1(HDCP 2.2)、耳機孔x1,操作溫度10~40℃、濕度10~80%,黑色機身與HAS PIVOT人體工學底座,高度調整120mm,前後傾斜-2°~25°,左右旋轉-30°~30°,垂直旋轉-92°~92°,VESA壁掛100x100mm,電源AC 100~240V外接變壓器,最大耗電59W,機身含底座尺寸714.2x581.9x263.5mm,不含底座714.2x418.4x70mm,包裝尺寸798x166x519mm,重量含底座7.4kg,不含底座4.4kg,包裝重量9.7kg,配件：1.5m電源線、HDMI線、DP線。
LS32CG552ECXZW,型號：S32CG552EC,32吋1000R Odyssey G5 曲面電競顯示器 G55C,32吋16:9 VA曲面螢幕,1000R曲率,QHD(2560x1440)解析度,亮度300/200 cd㎡,原生對比2500:1,動態對比Mega ∞ DCR,HDR10,更新頻率最高165Hz,反應時間1ms(MPRT),可視角度178°(H)/178°(V),色彩支援16.7M,低藍光模式,零閃屏,影像尺寸調整,Windows 11認證,支援AMD FreeSync,Off Timer Plus,黑平衡,低輸入延遲,虛擬準心,更新頻率調整,超級電競模式UX,自動來源切換Auto Source Switch+,介面:DisplayPort 1.2x1(HDCP 2.2),HDMI 2.0x1(HDCP 2.2),耳機孔,操作溫度10~40℃,操作濕度10~80%,黑色Y型底座,前後傾斜-2°~18°,75x75mm壁掛,AC 100~240V外接電源變壓器,最大耗電59W,含底座尺寸710.1x533.6x272.6mm,不含底座710.1x439.4x135.9mm,包裝尺寸793x197x494mm,含底座重量5.2kg,不含底座4.8kg,包裝重量7.5kg,配件1.5m電源線、HDMI連接線、DP連接線。
LS27FG502SCXZW,型號：S27FG502SC,27吋Odyssey OLED G5 平面電競顯示器 G50SF,27吋16:9 OLED平面螢幕,QHD(2560x1440) QD‑OLED 面板,可視面積590.42x333.72mm,亮度200/190 cd㎡(典型/最小),原生對比1,000,000:1,HDR10,色彩支援10.7億,色域DCI‑P3 99%(CIE1976),更新頻率DP最高180Hz/HDMI最高144Hz,反應時間0.03ms(GtG),178°/178°視角,節能模式,低藍光模式,零閃屏,金屬量子點顯色技術,影像尺寸調整,Windows 11認證,支援AMD FreeSync與NVIDIA G‑Sync相容,Off Timer Plus,黑平衡,虛擬準心,超級電競模式UX,自動來源切換+,UL Glare Free抗眩光真霧面,Pantone Validated 彩通認證,Samsung OLED Safeguard 熱調節與烙印保護,介面:DisplayPort 1.2 x1(HDCP 2.2),HDMI 2.0 x1(HDCP 2.2),耳機孔x1,操作溫度10~40℃/濕度10~80%,黑色機身與簡約型底座,前後傾斜-2°~15°,100x100mm 壁掛,再生資源塑料,電源AC 100~240V 外接電源變壓器,最高耗電78W,機身含底座尺寸609.9x463.8x234.5mm,不含底座609.9x359.3x57.0mm,包裝尺寸722x114x414mm,重量含底座3.3kg,不含底座2.5kg,包裝重量4.6kg,配件1.5m電源線、HDMI連接線、DP連接線。
LS27FG606ECXZW,型號：S27FG606EC,27吋Odyssey G6 IPS 平面電競顯示器 G60F,27吋16:9 Fast IPS平面螢幕,QHD(2560x1440)解析度,可視面積596.736x335.664mm,亮度350/280 cd㎡(典型/最小),原生對比1000:1,支援VESA DisplayHDR 400,更新頻率最高350Hz,反應時間1ms(GtG),可視角度178°(H)/178°(V),色彩支援16.7M,sRGB色域覆蓋99%,具節能模式、低藍光(Eye Saver)與零閃屏(Flicker Free),影像尺寸調整功能,Windows 11認證,支援AMD FreeSync Premium與G-Sync Compatible,內建Off Timer Plus等電競功能,介面:DisplayPort 1.4 x1(HDCP 2.2),HDMI 2.1 x1(HDCP 2.2),耳機孔x1,操作溫度10~40℃、濕度10~80%,黑色機身與HAS PIVOT人體工學底座,高度調整120mm,前後傾斜-2°~25°,左右旋轉-30°~30°,尺寸含底座613x552x263.5mm,不含底座613x361.5x70mm,包裝尺寸712x205x455mm,重量含底座6.4kg,不含底座3.4kg,包裝重量8.5kg,配件含1.5m電源線與DP連接線。
LS32BG650ECXZW,型號：S32BG650EC,32吋Odyssey G6 1000R 曲面電競顯示器 G65B,32吋16:9 VA曲面螢幕,1000R曲率,QHD(2560x1440)解析度,亮度350/300 cd㎡(典型/最小),原生對比2500:1,動態對比Mega ∞ DCR,VESA DisplayHDR 600,更新頻率最高240Hz,反應時間1ms(GtG),可視角度178°(H)/178°(V),色彩支援10.7億,色域DCI-P3 95%,支援低藍光模式及零閃屏,金屬量子點技術,遊戲模式,PIP/PBP多畫面,Windows 10認證,FreeSync Premium Pro,虛擬準心,Core Sync,Game Bar 2.0,HDMI-CEC,自動來源切換+,智慧偵測環境光源,超寬遊戲螢幕支援,Tizen作業系統,WiFi5與藍牙5.2,立體聲喇叭,智慧偵測音效,操作溫度10~40℃、濕度10~80%,黑色機身及HAS PIVOT底座(高度120mm),前後傾斜-9°~13°,左右旋轉-15°~15°,垂直旋轉-92°~92°,100x100mm壁掛,外接電源AC 100~240V,最大耗電95W,含底座尺寸713x606.2x311.1mm,不含底座713x439.7x181.5mm,包裝尺寸827x226x494mm,含底座重量7.4kg,不含底座5.5kg,包裝重量10.1kg,配件含1.5m電源線、DP連接線與遙控器。
LS27DG612SCXZW,型號：S27DG612SC,27吋Odyssey OLED G6 平面電競顯示器 G61SD,27吋16:9 OLED平面螢幕,QHD(2560x1440)解析度,亮度典型250 cd㎡/最小200 cd㎡,原生對比1,000,000:1,HDR10+ Gaming與HDR10,更新頻率最高240Hz,反應時間0.03ms(GtG),可視角度178°(H)/178°(V),色彩支援10.7億,色域DCI-P3 99%(CIE1976),低藍光模式,零閃屏,具PIP子母畫面,金屬量子點顯色技術,影像尺寸調整,Windows 11認證,支持FreeSync Premium Pro及G-Sync相容,Off Timer Plus,黑平衡,虛擬準心,超級電競模式UX,自動來源切換Auto Source Switch+,超寬遊戲螢幕支援,銀色機身與HAS PIVOT底座(120mm高度),前後傾斜-2°~25°,左右旋轉-30°~30°,垂直旋轉-92°~92°,100x100mm壁掛,含再生資源塑料,外接電源AC 100~240V,最大耗電140W,機身含底座尺寸611.7x554.2x263.5mm,不含底座611.7x353.8x49.2mm,包裝尺寸684x200x464mm,重量含底座6.9kg,不含底座3.8kg,包裝重量9.5kg,配件含1.5m電源線、HDMI線、DP線、USB 3.0線,支持UL Glare Free抗眩光真霧面。
LS32BG700ECXZW,型號：S32BG700EC,32吋Odyssey G7 平面電競顯示器,32吋16:9 IPS平面螢幕,4K UHD(3840x2160)解析度,可視面積698.112x392.688mm,亮度350/300 cd㎡(典型/最小),原生對比1000:1,動態對比Mega DCR,VESA DisplayHDR 400,HDR10+與HDR10+ Gaming,更新頻率最高144Hz,反應時間1ms(GtG),178°(H)/178°(V)可視角,色彩支援10.7億,色域DCI-P3約95%,具節能光源感測(Eco Light Sensor)、低藍光模式與零閃屏,支援AMD FreeSync Premium Pro與G-Sync相容,內建遊戲模式、影像尺寸調整、虛擬準心、Core Sync、Game Bar 2.0、Auto Source Switch+與超寬遊戲螢幕(Ultrawide Game View),Tizen智慧電視功能含TV Plus、Microsoft 365、SmartThings、多重視窗(Multi View)、Wireless DeX、行動畫面鏡射與遠端存取,內建立體聲喇叭與智慧偵測音效(Adaptive Sound),介面:DisplayPort 1.4x1、HDMI 2.1x2、USB 3.0 Hub連接埠x2、RJ-45乙太網路、耳機孔,Wi‑Fi 5與藍牙5.2,黑色機身與HAS PIVOT人體工學底座,高度調整120mm,前後傾斜-9°~13°,左右旋轉-15°~15°,垂直旋轉-92°~92°,100x100mm壁掛,電源AC100–240V外接變壓器,最大耗電量約110W,尺寸含底座714.6x602.6x311.1mm,不含底座714.6x441.1x125.9mm,包裝尺寸798x176x545mm,重量含底座8.3kg,不含底座6.4kg,包裝重量11.0kg,配件含1.5m電源線、DP連接線與遙控器。
LS27FG812SCXZW,型號：S27FG812SC,27吋Odyssey OLED G8 平面電競顯示器 G81SF,27吋16:9 OLED平面螢幕,4K UHD(3840x2160)解析度,240Hz更新頻率,0.03ms(GtG)反應時間,250/200 cd㎡亮度(典型/最小),原生對比1,000,000:1,視角178°(H)/178°(V),10億色彩支援,99% DCI色域(CIE1976),VESA DisplayHDR True Black 400,HDR10+ Gaming,低藍光模式,零閃屏,PIP子母畫面,金屬量子點顯色技術,影像尺寸調整,Windows 11認證,FreeSync Premium Pro支援,G-Sync相容,Off Timer Plus,黑平衡,虛擬準心,Core Sync,超級電競模式 UX,自動來源切換 Auto Source Switch+,超寬遊戲螢幕(Ultrawide Game View),介面：DisplayPort 1.4 x1(HDCP 2.2)、HDMI 2.1 x2(HDCP 2.2)、耳機孔、USB-B上行x1、USB-A下行x2(3.2 Gen1),操作溫度10~40℃、濕度10~80%,工廠出廠調校與校正報告,銀色機身與HAS PIVOT底座(高度調整120mm),前後傾斜-2°~25°、左右旋轉-30°~30°、垂直旋轉-92°~92°,VESA 100x100mm壁掛,電源AC 100~240V外接電源變壓器,最大耗電140W,尺寸含底座611.7x554.2x263.5mm,不含底座611.7x353.8x49.2mm,包裝尺寸684x200x464mm,重量含底座6.9kg、不含底座3.8kg、包裝重量9.5kg,配件包含電源線、HDMI線、DP線、USB 3.0線
LS32FG812SCXZW,型號：S32FG812SC,32吋Odyssey OLED G8 平面電競顯示器 G81SF,32吋16:9 OLED平面螢幕,4K UHD(3840x2160)解析度,最大240Hz更新頻率,0.03ms(GtG)反應時間,260/200 cd㎡亮度(典型/最小),原生對比1,000,000:1,178°寬廣視角,10億色彩支援,99% DCI色域(CIE1976),VESA DisplayHDR True Black 400,HDR10+ Gaming,低藍光模式,零閃屏,PIP子母畫面,金屬量子點顯色技術,影像尺寸調整,Windows 11認證,FreeSync Premium Pro支援,G-Sync相容,Off Timer Plus,黑平衡,虛擬準心,Core Sync,超級電競模式 UX,自動來源切換 Auto Source Switch+,超寬遊戲螢幕(Ultrawide Game View),介面：DisplayPort 1.4 x1(HDCP 2.2)、HDMI 2.1 x2(HDCP 2.2)、耳機孔、USB-B上行x1、USB-A下行x2(3.2 Gen1),操作溫度10~40℃、濕度10~80%,工廠出廠調校與校正報告,銀色機身與HAS PIVOT底座(高度調整120mm),前後傾斜-2°~25°、左右旋轉-30°~30°、垂直旋轉-92°~92°,VESA 100x100mm壁掛,再生資源塑料,電源AC 100~240V外接電源變壓器,最大耗電180W,尺寸含底座719.7x584.6x263.5mm,不含底座719.7x414.7x49.2mm,包裝尺寸815x200x530mm,重量含底座8.4kg、不含底座5.3kg、包裝重量12.0kg,配件1.5m電源線、HDMI線、DP線、USB 3.0線
LS49FG916ECXZW,型號：S49FG916EC,49吋Odyssey G9 曲面電競顯示器 G91F,49吋32:9 VA 曲面螢幕,1000R 曲率,可視面積1191.936x335.232mm,Dual QHD DQHD(5120x1440) 解析度,亮度350/280 cd㎡(典型/最小),原生對比2500:1,動態對比Mega DCR,HDR: VESA DisplayHDR 600 與 HDR10+ Gaming,色彩10.7億(1.07B),DCI-P3 色域92%(CIE1976),更新頻率144Hz,反應時間1ms(GtG),節能模式,低藍光模式,零閃屏,PIP 子母畫面,PBP 分割畫面,影像尺寸調整,Windows 11 認證,支援AMD FreeSync Premium Pro,Off Timer Plus,黑平衡,虛擬準心,超級電競模式UX,自動來源切換 Auto Source Switch+,智慧偵測環境光源 Adaptive Picture,介面:DisplayPort 1.4 x1(HDCP 2.2),HDMI 2.1 x2(HDCP 2.2),耳機孔 x1,USB-B 上行 x1,USB-A 下行 x2(USB 3.2 Gen1),操作環境:溫度10–40℃/濕度10–80%,出廠色彩校正與校正報告,設計:黑色機身/背面/底座,HAS 高度調整底座(120mm),前後傾斜-2°~+11°,左右旋轉-15°~+15°,VESA 壁掛100x100mm,再生塑料含量10%以上,電源:AC 100–240V 內建電源,最大耗電180W,尺寸含底座:1147.6x568.4x420.5mm,尺寸不含底座:1147.6x363.5x293.8mm,包裝尺寸:1265x343x481mm,重量含底座:15.6kg,不含底座:10.6kg,包裝重量:20.6kg,配件:1.5m 電源線,HDMI 連接線,DP 連接線,USB 3.0 連接線。
LS27FG900XCXZW,型號：S27FG900XC,27吋Odyssey 3D (G90XF) 平面電競顯示器,27吋16:9 IPS平面螢幕,4K UHD (3840 x 2160)解析度,可視面積596.736 x 335.664 mm,原生對比度1000:1,亮度350 cd/㎡(典型值),280 cd/㎡(最小值),HDR10、HDR10+ Gaming,反應時間1ms(GtG),更新頻率最高165Hz,可視角度178˚/178˚,色彩支援10.7億色,sRGB 覆蓋率99%(CIE1931),支援Windows 11認證,節能模式、低藍光模式、零閃屏、PIP子母畫面、影像尺寸調整、FreeSync Premium、G-Sync相容、Off Timer Plus、黑平衡、虛擬準心、Auto Source Switch+自動來源切換、超寬遊戲螢幕(Ultrawide Game View),介面包括DisplayPort 1.4(1個)、HDMI 2.1(2個)、USB 3.1 Gen1(2個，含USB-B上行1個)、立體聲喇叭(5W x 2聲道),操作溫度10~40℃，濕度10~80%,銀色機身配銀色HAS PIVOT底座，高度調整120mm(±5mm)，前後傾斜-3°～15°，垂直旋轉-92°～+92°，VESA壁掛100 x 100mm,耗電最高78W，尺寸含底座614.1 x 541.5 x 203.3 mm，不含底座614.1 x 372.2 x 46.0 mm，包裝尺寸834 x 133 x 434 mm，重量含底座7.5 kg，不含底座4.7 kg，包裝重量9.6 kg，配件含1.5m電源線、HDMI連接線、DP連接線、USB 3.0連接線.
LS49DG932SCXZW,型號：S49DG932SC,49吋Odyssey OLED G9 曲面電競顯示器,49吋32:9 OLED曲面螢幕,1800R曲率,DQHD (5120 x 1440)解析度,亮度典型250 cd/㎡,最小亮度200 cd/㎡,原生對比度1,000,000:1 (Typ.),反應時間0.03ms(GtG),更新頻率最高240Hz,可視角度178˚/178˚,色彩支援最高10.7億,色域99% (CIE1976),HDR10, HDR10+, HDR10+ Gaming,VESA DisplayHDR True Black 500,低藍光模式,零閃屏,金屬量子點顯色技術,PIP子母畫面,PBP分割畫面,影像尺寸調整,Windows 11認證,支援AMD FreeSync Premium Pro與NVIDIA G-Sync相容,Off Timer Plus,黑平衡,虛擬準心,Core Sync,超級電競模式UX,自動來源切換Auto Source Switch+,介面：DisplayPort 1.4 x1(HDCP 2.2)、HDMI 2.1 x1(HDCP 2.2)、Micro HDMI 2.1 x1(HDCP 2.2)、耳機孔、USB-C上行端口(僅資料傳輸) x1、USB Type-C下行端口x2 (3.2 Gen1),操作溫度10~40 ℃,濕度10~80%,工廠出廠校正與報告,銀色金屬機身，HAS高度調整底座120 ± 5 mm，前後傾斜-2°~15°，100 x 100 mm VESA壁掛,電源AC 100~240V外接電源變壓器,最高耗電220W,機身含底座尺寸1194.7 x 529.3 x 284.1 mm，不含底座1194.7 x 365 x 180.8 mm，包裝尺寸1352 x 240 x 474 mm，機身含底座重量12.9 kg，不含底座9.2 kg，包裝重量18.5 kg，配件含1.5 m電源線、HDMI轉Micro HDMI連接線、DP連接線、USB Type-C轉Type-A傳輸線，符合UL Glare Free標準.
LS49DG952SCXZW,型號：S49DG952SC,49吋Odyssey OLED G9 曲面電競顯示器,49吋32:9 OLED曲面螢幕,1800R曲率,DQHD(5120 x 1440)解析度,亮度典型250 cd/㎡/最小200 cd/㎡,原生對比1,000,000:1 (Typ.),HDR10, HDR10+，HDR10+ Gaming,反應時間0.03ms(GtG),更新頻率最高240Hz,可視角度178°/178°,色彩支援最高10.7億,色域99% (CIE1976),低藍光模式,零閃屏,金屬量子點顯色技術,影像尺寸調整,Windows 11認證,支援AMD FreeSync Premium Pro及NVIDIA G-Sync相容,Off Timer Plus,黑平衡,虛擬準心,Core Sync,Game Bar 2.0,HDMI-CEC,自動來源切換Auto Source Switch+,智慧偵測環境光源(Adaptive picture),智慧型Tizen作業系統,支援Bixby與長距離語音辨識技術,SmartThings Hub及多裝置功能,可最多兩個影片多重視窗顯示,智慧校色（基本）與遠端存取,介面包括DisplayPort 1.4 x1(HDCP 2.2),HDMI 2.1 x1(HDCP 2.2),Micro HDMI 2.1 x1(HDCP 2.2),USB-C上行(資料傳輸) x1,USB Type-C下行x2 (3.2 Gen2),Wi-Fi 5與藍牙5.2,立體聲喇叭10W輸出搭配Adaptive Sound Pro智慧偵測音效,操作溫度10~40°C，濕度10~80%,工廠完整出廠校正與報告,銀色金屬機身,HAS高度調整底座120mm,前後傾斜-2°~15°,100x100mm壁掛,電源AC 100~240V外接電源變壓器,最高耗電220W,機身含底座尺寸1194.7 x 529.3 x 236.9 mm，不含底座1194.7 x 365 x 180.8 mm，包裝尺寸1352 x 240 x 474 mm,機身含底座重量12.6 kg，不含底座8.8 kg,包裝重量18.1 kg,配件含1.5m電源線、HDMI轉Micro HDMI線、DP連接線、USB Type-C轉Type-A傳輸線、遙控器,具UL Glare Free與Pantone Validated認證
LS34DG852SCXZW,型號：S34DG852SC,34吋Odyssey OLED G8 曲面電競顯示器,34吋21:9 OLED曲面螢幕,1800R曲率,UWQHD(3440 x 1440)解析度,亮度典型250 cd/㎡/最小200 cd/㎡,原生對比1,000,000:1(Typ.),VESA DisplayHDR HDR10、HDR10+、HDR10+ Gaming,反應時間0.03ms(GtG),更新頻率最高175Hz,可視角度178˚/178˚,色彩支援最高10.7億色,色域99% (DCI Coverage),低藍光模式,零閃屏,金屬量子點顯色技術,影像尺寸調整,Windows 11認證,支援FreeSync Premium Pro與G-Sync相容,Off Timer Plus,虛擬準心,Core Sync光效自動調整,Game Bar 2.0,HDMI-CEC,自動來源切換Auto Source Switch+,智慧偵測環境光源(Adaptive picture),智慧型Tizen作業系統,Bixby、長距離語音辨識技術,SmartThings Hub、多裝置體驗(Mobile to Screen, Screen initiate mirroring, Sound Mirroring, Wireless On, Tap View),My Contents,多重視窗(最多兩個影片),智慧校色(基本),遠端存取,無線顯示Wireless Display,介面DisplayPort 1.4 x1,HDMI 2.1 x2,USB 3.0 x2,Wi-Fi 5,藍牙5.2,立體聲喇叭10W輸出與智慧偵測音效Pro,操作溫度10~40℃、濕度10~80%,工廠出廠校正與報告,銀色金屬機身，HAS高度調整底座120±5 mm，前後傾斜-2°~20°，垂直旋轉-3°~3°，100x100mm壁掛,電源AC 100~240V ~50/60Hz，最高耗電180W,機身含底座尺寸813.6 x 522.3 x 192.8 mm，不含底座813.6 x 363.5 x 128.1 mm,包裝尺寸948 x 185 x 456 mm,含底座重量7.5 kg，不含底座5.5 kg,包裝重量11.8 kg,配件有1.5m電源線、HDMI連接線、DP連接線與USB 3.0連接線、遙控器，符合UL Glare Free抗眩光認證
LS32BG850NCXZW,型號：S32BG850NC,32吋Odyssey Neo G8 Mini LED曲面電競顯示器,G85NB,32吋16:9 VA曲面螢幕,1000R曲率,4K UHD(3840x2160)解析度,亮度典型350 cd/㎡,亮度最小300 cd/㎡,原生對比1,000,000:1,動態對比Mega DCR,Quantum HDR 2000,HDR10+ Gaming支持,Mini LED局部調光1196區域,反應時間1ms(GtG),更新頻率最高240Hz,視角178°(H)/178°(V),色彩支援最高10.7億,色域DCI 95%(Typ),光源感測(Eco Light Sensor),低藍光模式,零閃屏,PIP子母畫面,金屬量子點顯色技術,Windows 10 認證,支援AMD FreeSync Premium Pro,Off Timer Plus,黑平衡,低輸入延遲技術,虛擬準心,Core Sync,更新頻率調整,超級電競模式UX,自動來源切換Auto Source Switch+,智慧偵測環境光源(Adaptive picture),超寬遊戲螢幕(Ultrawide Game View),介面包括DisplayPort 1.4 x1,HDMI 2.1 x2,耳機孔,USB 3.0 Hub版本3x2連接埠,操作溫度10~40℃,濕度10~80%,工廠出廠校正,色彩模式多樣,黑色正面與生活白背面設計,HAS PIVOT底座高度調整120±5 mm,前後傾斜-9°~13°,左右旋轉-15°~15°,垂直旋轉-92°~92°,VESA 100x100mm壁掛,電源AC 100~240V外接電源變壓器,最高耗電,180W,機身含底座尺寸713 x 606.4 x 311.1 mm,不含底座713 x 434.8 x 173 mm,包裝尺寸827 x 236 x 530 mm,機身含底座重量8.9 kg,不含底座7.0 kg,包裝重量12.2 kg,配件含1.5m電源線與DP連接線
LS34BG850SCXZW,型號：S34BG850SC,34吋Odyssey OLED G8 曲面電競顯示器,34吋21:9 OLED曲面螢幕,1800R曲率,UWQHD(3440 x 1440)解析度,亮度典型250 cd/㎡/最小200 cd/㎡,原生對比度1,000,000:1 (Typ.),反應時間0.03ms(GtG),更新頻率最高175Hz,可視角度178°(H)/178°(V),色彩支援最高10.7億色,色域99% (DCI Coverage),VESA DisplayHDR True Black 400,HDR10+,HDR10+ Gaming,低藍光模式,零閃屏,金屬量子點顯色技術,遊戲模式,影像尺寸調整,Windows 10認證,支援FreeSync Premium Pro與G-Sync相容,Off Timer Plus,虛擬準心,Core Sync,Game Bar 2.0,HDMI-CEC,自動來源切換Auto Source Switch+,智慧偵測環境光源(Adaptive picture),智慧型Tizen作業系統,支援Bixby與長距離語音辨識技術,Microsoft 365網路服務,SmartThings Hub與多裝置體驗(Mobile to Screen、Screen initiate mirroring、Sound Mirroring、Wireless On、Tap View),My Contents,多重視窗(最多2個影片),智慧校色(基本)與遠端存取,介面包括Wireless Display,Mini DisplayPort 1.4 x1,HDMI 2.1 x2,USB 3.0 x2,Wi-Fi 5與藍牙5.2,立體聲喇叭10W，智慧偵測音效Pro,操作溫度10~40℃、濕度10~80%,工廠出廠校正與報告,銀色正面與背面機身，銀色HAS高調型底座，高度調整120 ±5 mm，前後傾斜-2°~20°，垂直旋轉-3°~3°，VESA 100x100 mm壁掛,電源AC 100~240 V ~50/60 Hz，最高耗電180 W,機身含底座尺寸813.6 x 522.3 x 192.8 mm，不含底座813.6 x 363.5 x 128.1 mm,包裝尺寸948 x 185 x 456 mm,含底座重量7.5 kg，不含底座5.5 kg，包裝重量11.8 kg，配件含1.5 m電源線、Mini-DP連接線及遙控器.
LS32FM902SCXZW,型號：S32FM902SC,32吋智慧聯網螢幕M9 M90SF,32吋16:9 OLED平面螢幕,4K UHD (3840 x 2160)解析度,可視面積699.48 x 394.73 mm,原生對比度1,000,000:1(靜態),動態對比Mega DCR,亮度典型250 cd/㎡,最小200 cd/㎡,VESA DisplayHDR True Black 400,支持HDR10+以及HDR10+,反應時間0.03ms(GtG),更新頻率最高165Hz,可視角度178°/178°,色彩支援最高10.7億色,sRGB覆蓋率99%(CIE1931),節能模式、低藍光模式、零閃屏,影像尺寸調整,Windows 11認證,支援FreeSync Premium Pro與NVIDIA G-Sync相容,Off Timer Plus,虛擬準心,Game Bar 2.0,HDMI-CEC,自動來源切換Auto Source Switch+,智慧偵測環境光源,智慧型Tizen作業系統,長距離語音辨識,SmartThings Hub,多裝置體驗(Mobile to Screen、Screen initiate mirroring、Sound Mirroring、Wireless On、Tap View),多重視窗(最大2影片),智慧校色(基本),Knox Vault安全,遠端存取,內建1200萬畫素攝影機含麥克風,立體聲喇叭10W輸出與Adaptive Sound Pro智慧偵測音效,操作溫度10~40°C,濕度10~80%,銀色機身與HAS PIVOT可調底座，高度120±5mm，前後傾斜-2°~25°，垂直旋轉-92°~92°，100x100mm VESA壁掛,電源AC 100~240V 50/60Hz，最大耗電240W,機身含底座尺寸717.2 x 601.6 x 200 mm，不含底座717.2 x 432.3 x 42.5 mm，包裝尺寸909 x 124 x 515 mm，含底座重量8.4kg，不含底座5.3kg，包裝重量12.3kg，配件含1.5m電源線、HDMI連接線、太陽能智慧遙控器等.
LS40FG752ECXZW,型號：S40FG752EC,40吋Odyssey G7曲面電競顯示器,G75F,40吋16:9 VA曲面螢幕,1000R曲率,WUHD(5120x2160)解析度,亮度典型350 cd/㎡,最小280 cd/㎡,原生對比3000:1,動態對比Mega DCR,VESA DisplayHDR 600,HDR10+,HDR10+ Gaming,反應時間1ms(GtG),最大更新頻率180Hz,可視角度178°(H)/178°(V),色彩支援最高10.7億,色域DCI 90%,sRGB覆蓋率99%,節能模式,低藍光模式,零閃屏,PIP子母畫面,PBP分割畫面,影像尺寸調整,Windows 11認證,FreeSync Premium Pro,Off Timer Plus,黑平衡,虛擬準心,Core Sync,超級電競模式UX,自動來源切換Auto Source Switch+,介面包括DisplayPort 1.4 x1(HDCP 2.2),HDMI 2.1 x2(HDCP 2.2),耳機孔,USB-B上行端口x1,USB Type-A下行端口2個(3.2 Gen1),操作溫度10~40℃,濕度10~80%,工廠出廠校正,色彩支援多模式,黑色正面與背面機身，黑色HAS PIVOT底座，高度調整120 ±5 mm，前後傾斜-5°~20°，左右旋轉-20°~20°，VESA 100x100mm壁掛,電源AC 100~240V外接電源變壓器,最大耗電140W,機身含底座尺寸928.6 x 606.4 x 303.8 mm，不含底座928.6 x 434.8 x 196.1 mm，包裝尺寸1030 x 281 x 520 mm，機身含底座11.3 kg，不含底座7.3 kg，包裝重量15.3 kg，配件含1.5 m電源線、DP連接線、USB 3.0連接線.
LS27FG602SCXZW,型號：S27FG602SC,27吋Odyssey OLED G6 平面電競顯示器 G60SF,27吋16:9 QHD (2560 x 1440) OLED面板,可視面積590.42 x 333.72 mm,原生對比度1,000,000:1,亮度典型300 cd/㎡,最小亮度200 cd/㎡,HDR VESA DisplayHDR True Black 500,支持HDR10+及HDR10+ Gaming認證,反應時間0.03ms(GtG),最高刷新率500Hz,可視角178°(H)/178°(V),色彩支援最高10.7億,色域覆蓋99% (CIE1976),節能模式、低藍光模式、零閃屏,金屬量子點顯色技術,影像尺寸調整,Windows 11 認證,支持FreeSync Premium Pro及NVIDIA G-Sync相容,配備黑平衡、虛擬準心、Core Sync及超級電競模式UX,自動來源切換Auto Source Switch+,介面包含DisplayPort 1.4 x1(HDCP 2.2)、HDMI 2.1 x2(HDCP 2.2)、耳機孔、USB-B上行連接埠x1、USB Type-A下行連接埠x2(USB 3.2 Gen1),操作溫度10~40℃，濕度10~80%,銀色金屬機身，HAS PIVOT(高度調整120 ±5 mm),前後傾斜-2°~25°,左右旋轉-30°~30°,垂直旋轉-92°~92°,支持100x100 mm VESA壁掛,電源AC 100~240V 外接電源變壓器,最高耗電140W,機身含底座尺寸611.7 x 554.2 x 263.5 mm，不含底座611.7 x 353.8 x 49.2 mm,包裝尺寸684 x 200 x 464 mm,重量包含底座6.9 kg，不含底座3.8 kg，包裝重量9.5 kg,配件包括1.5 m電源線、HDMI線、DP線及USB 3.0線,且通過UL Glare Free與Pantone Validated認證.
LS27FM501ECXZW,型號：S27FM501EC,27吋智慧聯網螢幕 M5 M50F,27吋16:9 FHD (1920 x 1080) IPS平面螢幕,可視面積597.888 x 336.312 mm,原生對比度1000:1 (典型值),亮度典型250 cd/㎡，最小亮度200 cd/㎡,支持HDR10,反應時間5ms(GtG),最大刷新率60Hz,可視角178°(H)/178°(V),色彩支援最高16.7M,色域72% (NTSC 1976),低藍光模式、零閃屏、影像尺寸調整,Windows 11 認證,支持HDMI-CEC,智慧功能搭載Tizen作業系統，支援Multi Device Experience(移動裝置螢幕投射、聲音鏡像、無線喚醒),介面包含HDMI 1.4 x2(HDCP 2.2)、USB Type-A 下行連接埠 x2(2.0版本),Wi-Fi 5與藍牙5.2,10W立體聲喇叭及Adaptive Sound智慧偵測音效,操作溫度10~40℃，濕度10~80%,白色機身與簡約型白色底座,底座前後可傾斜-2°~15°,支援100x100 mm VESA壁掛,電源AC 100~240V 外接電源變壓器，最大耗電48W,機身含底座尺寸612.7 x 468.1 x 200.1 mm，不含底座612.7 x 369.6 x 41.1 mm,包裝尺寸667 x 100 x 467 mm,含底座重量3.8 kg，不含底座3.1 kg，包裝重量5.5 kg,配件包含1.5 m電源線、HDMI線及遙控器，整體呈現時尚白色調
LS27FM500ECXZW,型號：S27FM500EC,27吋智慧聯網螢幕 M5 M50F,27吋16:9 FHD (1920 x 1080) IPS平面螢幕,可視面積597.888 x 336.312 mm,原生對比度1000:1 (典型值),亮度典型250 cd/㎡，最小亮度200 cd/㎡,支持HDR10,反應時間5ms(GtG),最大刷新率60Hz,可視角178°(H)/178°(V),色彩支援最高16.7M,色域72% (NTSC 1976),低藍光模式、零閃屏、影像尺寸調整,Windows 11 認證,支持HDMI-CEC,智慧功能搭載Tizen作業系統，支援Multi Device Experience（移動裝置螢幕投射、聲音鏡像、無線喚醒）介面包含HDMI 1.4 x2(HDCP 2.2)、USB Type-A 下行2組(2.0版本),Wi-Fi 5與藍牙5.2,10W立體聲喇叭及Adaptive Sound智慧偵測音效,操作溫度10~40℃，濕度10~80%,黑色機身與簡約型黑色底座,底座可前後傾斜-2°至15°,支持100 x 100 mm VESA壁掛,電源供應AC 100~240 V外接電源變壓器，最大耗電48W,機身含底座尺寸612.7 x 468.9 x 200.5 mm，不含底座612.7 x 369.6 x 41.1 mm,包裝尺寸667 x 100 x 467 mm,機身含底座重量3.5 kg，不含底座3.0 kg，包裝重量5.2 kg,配件包含1.5 m電源線、HDMI線及遙控器.
LS43FM703UCXZW,型號：S43FM703UC,43吋智慧聯網螢幕 M7 M70F,43吋16:9 VA平面螢幕,4K UHD(3840x2160)解析度,可視面積941.184x529.416mm,原生對比5000:1,亮度300/240 cd/㎡(典型/最小),HDR10,反應時間4ms(GtG),最大刷新率60Hz,可視角178°/178°,色彩支援Max 1B,NTSC 72%,低藍光模式,零閃屏,Windows 11認證,Game Bar 2.0,HDMI-CEC,Auto Source Switch+自動來源切換,Adaptive picture智慧偵測環境光源,Ultrawide Game View超寬遊戲螢幕,Tizen作業系統,長距離語音辨識,SmartThings Hub,Multi Device Experience(Mobile to Screen/Screen initiate mirroring/Sound Mirroring/Wireless On/Tap View),Multi View多重視窗(最多2影片),Smart Calibration智慧校色(基本),Remote Access遠端存取,Wireless Display,介面:HDMI 2.0x2(HDCP 2.2),USB 2.0x3,USB-C 65W x1(HDCP 2.2),Wi-Fi 5,藍牙5.2,20W立體聲喇叭,Adaptive Sound+智慧偵測音效,操作溫度10~40℃,濕度10~80%,簡約型底座,前後傾斜-2°~20°,200x200mm壁掛,電源AC 100-240V,最大耗電210W,內建電源,尺寸含底座965.5x629.3x247.2mm,不含底座965.5x559.8x25.7mm,包裝1198x677x159mm,重量含底座11.0kg,不含底座8.7kg,包裝14.1kg,配件含1.5m電源線、HDMI線、USB-C線、太陽能智慧遙控器
LS32FM803UCXZW,型號：S32FM803UC,32吋智慧聯網螢幕 M8 M80F,32吋16:9 VA平面螢幕,4K UHD(3840x2160)解析度,可視面積697.306x392.234mm,原生對比3000:1,亮度400/300 cd/㎡(典型/最小),HDR10,HDR10+認證,反應時間4ms(GtG),最大刷新率60Hz,可視角178°/178°,色彩支援Max 1B,sRGB 99%(CIE1931),低藍光模式,零閃屏,Windows 11認證,Game Bar 2.0,HDMI-CEC,Auto Source Switch+,Adaptive picture,Ultrawide Game View,Tizen作業系統,長距離語音辨識,SmartThings Hub,Multi Device Experience,Multi View(最多2影片),Smart Calibration(基本),Knox Vault,Remote Access,Wireless Display,介面:HDMI 2.0x1(HDCP 2.2),USB 2.0x2,USB-C 65W x1(HDCP 2.2),Wi-Fi 5,藍牙5.2,10W立體聲喇叭,Adaptive Sound Pro,操作溫度10~40℃,濕度10~80%,HAS PIVOT底座(高度120±5mm),前後傾斜-2°~15°,垂直旋轉-92°~92°,100x100mm壁掛,電源AC 100~240V外接變壓器,最大耗電140W,尺寸含底座713.4x616.2x200.1mm,不含底座713.4x423.8x24.5mm,包裝909x122x483mm,重量含底座7.0kg,不含底座4.0kg,包裝10.5kg,配件含1.5m電源線、HDMI線、USB-C線、太陽能智慧遙控器、SlimFit Camera磁吸攝影機、Pogo Gender
LS43FM702UCXZW,型號：S43FM702UC,43吋智慧聯網螢幕 M7 M70F,43吋16:9 VA平面螢幕,4K UHD(3840x2160)解析度,可視面積941.184x529.416mm,原生對比5000:1,亮度300/240 cd/㎡(典型/最小),HDR10,反應時間4ms(GtG),最大刷新率60Hz,可視角178°/178°,色彩支援Max 1B,NTSC 72%,低藍光模式,零閃屏,Windows 11認證,Game Bar 2.0,HDMI-CEC,Auto Source Switch+,Adaptive picture,Ultrawide Game View,Tizen作業系統,長距離語音辨識,SmartThings Hub,Multi Device Experience,Multi View(最多2影片),Smart Calibration(基本),Remote Access,Wireless Display,介面:HDMI 2.0x2(HDCP 2.2),USB 2.0x3,USB-C 65W x1(HDCP 2.2),Wi-Fi 5,藍牙5.2,20W立體聲喇叭,Adaptive Sound+,操作溫度10~40℃,濕度10~80%,簡約型底座,前後傾斜-2°~20°,200x200mm壁掛,電源AC 100-240V內建電源,最大耗電210W,尺寸含底座965.5x629.3x247.2mm,不含底座965.5x559.8x25.7mm,包裝1198x677x159mm,重量含底座10.6kg,不含底座8.5kg,包裝13.7kg,配件含1.5m電源線、HDMI線、USB-C線、太陽能智慧遙控器
LS34C652UACXZW,型號：S34C652UA,34吋ViewFinity S6 曲面商用螢幕 S65C,34吋21:9 VA曲面螢幕,1000R曲率,UWQHD(3440x1440)解析度,可視面積797.22x333.72mm,原生對比3000:1,動態對比Mega DCR,亮度350/280 cd/㎡(典型/最小),HDR10,反應時間5ms,最大刷新率100Hz,可視角178°/178°,色彩支援Max 1.07B,sRGB 115%,低藍光模式,零閃屏,PIP/PBP畫面分割,Windows 10認證,FreeSync,Off Timer Plus,Auto Source Switch+,Adaptive picture,KVM Switch內建切換器,介面:DisplayPort 1.2x1(HDCP 2.2),HDMI 2.0x1(HDCP 2.2),耳機孔,USB 3.0x3(下行),USB-B上行x1,USB-C 90W x1(HDCP 2.2),RJ-45乙太網路,5W立體聲喇叭,操作溫度10~40℃,濕度10~80%,HAS底座(高度120±5mm),前後傾斜-2°~20°,左右旋轉-30°~30°,100x100mm壁掛,TCO Certified,再生塑料10%,電源AC 100~240V內建電源,最大耗電200W,尺寸含底座806.6x561.5x241.0mm,不含底座806.6x369.4x125.0mm,包裝807.0x125.0x367.0mm,重量含底座8.0kg,不含底座5.2kg,包裝10.5kg,配件含1.5m電源線、HDMI線、DP線、USB-C線、USB 3.0線
LS32FM703UCXZW,型號：S32FM703UC,32吋智慧聯網螢幕 M7 M70F,32吋16:9 VA平面螢幕,4K UHD(3840x2160)解析度,可視面積697.306x392.234mm,原生對比3000:1,亮度300/240 cd/㎡(典型/最小),HDR10,反應時間4ms(GtG),最大刷新率60Hz,可視角178°/178°,色彩支援Max 1B,NTSC 72%,低藍光模式,零閃屏,Windows 11認證,Game Bar 2.0,HDMI-CEC,Auto Source Switch+,Adaptive picture,Ultrawide Game View,Tizen作業系統,長距離語音辨識,SmartThings Hub,Multi Device Experience,Multi View(最多2影片),Smart Calibration(基本),Remote Access,Wireless Display,介面:HDMI 2.0x2(HDCP 2.2),USB 2.0x3,USB-C 65W x1(HDCP 2.2),Wi-Fi 5,藍牙5.2,10W立體聲喇叭,Adaptive Sound+,操作溫度10~40℃,濕度10~80%,簡約型底座,前後傾斜-2°~22°,100x100mm壁掛,電源AC 100-240V內建電源,最大耗電150W,尺寸含底座716.1x517.0x193.5mm,不含底座716.1x424.5x41.8mm,包裝842.0x133.0x487.0mm,重量含底座6.8kg,不含底座5.7kg,包裝8.7kg,配件含1.5m電源線、HDMI線、USB-C線、太陽能智慧遙控器
LS37D702EACXZW,型號：S37D702EA,37吋ViewFinity S7 商用螢幕 S70D,37吋16:9 VA平面螢幕,4K UHD(3840x2160)解析度,可視面積808.0128x454.5072mm,原生對比3000:1,動態對比Mega DCR,亮度350/280 cd/㎡(典型/最小),HDR10,反應時間5ms,最大刷新率60Hz,可視角178°/178°,色彩支援Max 1.07B,sRGB 100%,節能模式,低藍光模式,零閃屏,PIP/PBP畫面分割,Windows 11認證,Off Timer Plus,Auto Source Switch+,Adaptive picture,介面:DisplayPort 1.2x1(HDCP 2.2),HDMI 2.0x1(HDCP 2.2),耳機孔,操作溫度10~40℃,濕度10~80%,簡約型底座,前後傾斜-5°~25°,100x100mm壁掛,TCO Certified,Carbon Footprint,再生塑料15%以上,電源AC 100~240V內建電源,最大耗電110W,尺寸含底座823.9x565.0x250mm,不含底座823.9x486.5x41.8mm,包裝921x181x604mm,重量含底座8.1kg,不含底座5.8kg,包裝11.5kg,配件含1.5m電源線、HDMI線、DP線
LS32D806UACXZW,型號：S32D806UA,32吋ViewFinity S8 商用螢幕 S80UD,32吋16:9 VA平面螢幕,4K UHD(3840x2160)解析度,可視面積697.306x392.234mm,原生對比3000:1,動態對比Mega DCR,亮度350/280 cd/㎡(典型/最小),HDR10,反應時間5ms,最大刷新率60Hz,可視角178°/178°,色彩支援Max 1.07B,sRGB 99%,節能模式,低藍光模式,零閃屏,PIP/PBP畫面分割,Windows 11認證,Off Timer Plus,Auto Source Switch+,Adaptive picture,KVM Switch內建切換器,介面:DisplayPort 1.2x1(HDCP 2.2),HDMI 2.0x1(HDCP 2.2),耳機孔,USB 3.0x3(下行),USB-B上行x1,USB-C 90W x1(HDCP 2.2),RJ-45乙太網路,操作溫度10~40℃,濕度10~80%,HAS PIVOT底座(高度120±5mm),前後傾斜-2°~25°,左右旋轉-30°~30°,垂直旋轉-92°~92°,100x100mm壁掛,TCO Certified,再生塑料10%以上,電源AC 100~240V內建電源,最大耗電180W,尺寸含底座713.9x585x220mm,不含底座713.9x424.7x41.8mm,包裝798x160x546mm,重量含底座6.9kg,不含底座4.5kg,包裝8.9kg,配件含1.5m電源線、DP線、USB-C線
LS32FM702UCXZW,型號：S32FM702UC,32吋智慧聯網螢幕 M7 M70F,32吋16:9 VA平面螢幕,4K UHD(3840x2160)解析度,可視面積697.306x392.234mm,原生對比3000:1,亮度300/240 cd/㎡(典型/最小),HDR10,反應時間4ms(GtG),最大刷新率60Hz,可視角178°/178°,色彩支援Max 1B,NTSC 72%,低藍光模式,零閃屏,Windows 11認證,Game Bar 2.0,HDMI-CEC,Auto Source Switch+,Adaptive picture,Ultrawide Game View,Tizen作業系統,長距離語音辨識,SmartThings Hub,Multi Device Experience,Multi View(最多2影片),Smart Calibration(基本),Remote Access,Wireless Display,介面:HDMI 2.0x2(HDCP 2.2),USB 2.0x3,USB-C 65W x1(HDCP 2.2),Wi-Fi 5,藍牙5.2,10W立體聲喇叭,Adaptive Sound+,操作溫度10~40℃,濕度10~80%,簡約型底座,前後傾斜-2°~22°,100x100mm壁掛,電源AC 100-240V內建電源,最大耗電150W,尺寸含底座716.1x517.0x193.5mm,不含底座716.1x424.5x41.8mm,包裝842.0x133.0x487.0mm,重量含底座6.5kg,不含底座5.4kg,包裝8.4kg,配件含1.5m電源線、HDMI線、USB-C線、太陽能智慧遙控器
LS32D606UACXZW,型號：S32D606UA,32吋ViewFinity S6 商用螢幕 S60UD,32吋16:9 IPS平面螢幕,QHD(2560x1440)解析度,可視面積698.112x392.688mm,原生對比1000:1,動態對比Mega,亮度350/280 cd/㎡(典型/最小),HDR10,反應時間5ms,最大刷新率100Hz,可視角178°/178°,色彩支援Max 1.07B,sRGB 99%,低藍光模式,零閃屏,PIP/PBP畫面分割,Windows 11認證,Off Timer Plus,Auto Source Switch+,Adaptive picture,KVM Switch內建切換器,介面:DisplayPort 1.4x1(HDCP 2.2),DisplayPort Out 1.4x1(菊鏈輸出),HDMI 2.0x1(HDCP 2.2),耳機孔,USB 3.0x3(下行),USB-C 90W x1(HDCP 2.2),RJ-45乙太網路,操作溫度10~40℃,濕度10~80%,HAS PIVOT底座(高度120±5mm),前後傾斜-2°~25°,左右旋轉-30°~30°,垂直旋轉-92°~92°,100x100mm壁掛,TCO Certified,再生塑料10%以上,電源AC 100~240V內建電源,最大耗電160W,尺寸含底座713.9x585x220mm,不含底座713.9x424.7x41.8mm,包裝798x160x546mm,重量含底座7.2kg,不含底座4.7kg,包裝9.2kg,配件含1.5m電源線、DP線、USB-C線
LC34G55TWWCXZW,型號：C34G55TWW,34吋Odyssey G5 曲面電競顯示器 G55T,34吋21:9 VA曲面螢幕,1000R曲率,UWQHD(3440x1440)解析度,可視面積797.22x333.72mm,原生對比2500:1,動態對比Mega DCR,亮度250/200 cd/㎡(典型/最小),HDR10,反應時間1ms(MPRT),最大刷新率165Hz,可視角178°/178°,色彩支援Max 16.7M,NTSC 72%,低藍光模式,零閃屏,PBP畫面分割,Windows 10認證,FreeSync Premium,Off Timer Plus,黑平衡,虛擬準心,更新頻率調整,超級電競模式UX,介面:DisplayPort 1.4x1,HDMI 2.0x1,耳機孔,操作溫度10~40℃,濕度10~80%,Y型底座,前後傾斜-2°~18°,75x75mm壁掛,電源AC 100~240V外接變壓器,最大耗電50W,待機功耗0.5W,尺寸含底座806.6x475.3x272.6mm,不含底座806.6x380.9x152.7mm,包裝901.0x216.0x441.0mm,重量含底座5.6kg,不含底座5.2kg,包裝7.9kg,配件含1.5m電源線、DP線、保固卡
LS32D706EACXZW,型號：S32D706EA,32吋ViewFinity S7 商用螢幕 S70D,32吋16:9 VA平面螢幕,4K UHD(3840x2160)解析度,可視面積697.306x392.234mm,原生對比1000:1,動態對比Mega DCR,亮度350/280 cd/㎡(典型/最小),HDR10,反應時間5ms,最大刷新率60Hz,可視角178°/178°,色彩支援Max 1.07B,sRGB 99%,節能模式,低藍光模式,零閃屏,PIP/PBP畫面分割,Windows 11認證,Off Timer Plus,Auto Source Switch+,Adaptive picture,介面:DisplayPort 1.2x1(HDCP 2.2),HDMI 2.0x1(HDCP 2.2),耳機孔,操作溫度10~40℃,濕度10~80%,簡約型底座,前後傾斜-2°~25°,100x100mm壁掛,TCO Certified,再生塑料10%以上,電源AC 100~240V內建電源,最大耗電100W,尺寸含底座713.9x501.6x180mm,不含底座713.9x424.7x41.8mm,包裝798x160x546mm,重量含底座5.9kg,不含底座4.4kg,包裝8.0kg,配件含1.5m電源線、HDMI線、DP線
LS24D606EACXZW,型號：S24D606EA,24吋ViewFinity S6 商用螢幕 S60D,24吋16:9 IPS平面螢幕,QHD(2560x1440)解析度,可視面積526.848x296.352mm,原生對比1000:1,動態對比Mega,亮度350/280 cd/㎡(典型/最小),HDR10,反應時間5ms,最大刷新率100Hz,可視角178°/178°,色彩支援Max 1.07B,sRGB 99%,低藍光模式,零閃屏,PIP/PBP畫面分割,Windows 11認證,Off Timer Plus,Auto Source Switch+,Adaptive picture,介面:DisplayPort 1.4x1(HDCP 2.2),HDMI 2.0x1(HDCP 2.2),耳機孔,USB 3.0x3(下行),操作溫度10~40℃,濕度10~80%,HAS PIVOT底座(高度120±5mm),前後傾斜-2°~25°,左右旋轉-30°~30°,垂直旋轉-92°~92°,100x100mm壁掛,TCO Certified,再生塑料10%以上,電源AC 100~240V內建電源,最大耗電80W,尺寸含底座540.7x535.9x220mm,不含底座540.7x327.2x41.7mm,包裝609x160x479mm,重量含底座5.4kg,不含底座2.9kg,包裝7.0kg,配件含1.5m電源線、HDMI線、DP線、USB 3.0線
LS27F612EACXZW,型號：S27F612EA,27吋ViewFinity S6 商用螢幕 S61F,27吋16:9 IPS平面螢幕,QHD(2560x1440)解析度,可視面積596.736x335.664mm,原生對比1000:1,動態對比Mega,亮度300/250 cd/㎡(典型/最小),反應時間5ms(GtG),最大刷新率100Hz,可視角178°/178°,色彩支援Max 16.7M,NTSC 83%,sRGB 99%,節能模式,低藍光模式,零閃屏,Windows 11認證,Off Timer Plus,Auto Source Switch,介面:DisplayPort 1.2x1(HDCP 2.2),HDMI 2.0x2(HDCP 2.2),耳機孔,操作溫度10~40℃,濕度10~80%,HAS底座(高度135±5mm),前後傾斜-4°~24°,左右旋轉-45°~45°,垂直旋轉-92°~92°,100x100mm壁掛,再生塑料35%,電源AC 100~240V外接變壓器,最大耗電35W,尺寸含底座616.2x538.5x192.9mm,不含底座616.2x367.7x45.4mm,包裝685.0x210.0x435.0mm,重量含底座5.4kg,不含底座3.6kg,包裝7.4kg,配件含1.5m電源線、HDMI線、DP線
LS27D362GACXZW,型號：S27D362GA,27吋曲面商用螢幕 SD36G,27吋16:9 VA曲面螢幕,1800R曲率,FHD(1920x1080)解析度,可視面積596.736x335.664mm,原生對比3000:1,亮度250/200 cd/㎡(典型/最小),反應時間4ms(GtG),最大刷新率100Hz,可視角178°/178°,色彩支援Max 16.7M,sRGB 95%,節能模式,低藍光模式,零閃屏,Windows 11認證,Off Timer Plus,介面:D-Sub x1,HDMI 1.4x1,耳機孔,操作溫度10~40℃,濕度10~80%,簡約型底座,前後傾斜-2°~22°,75x75mm壁掛,電源AC 100~240V外接變壓器,最大耗電35W,尺寸含底座622.6x458.6x214.0mm,不含底座622.6x367.2x114.3mm,包裝687.0x175.0x442.0mm,重量含底座3.9kg,不含底座3.3kg,包裝6.0kg,配件含1.5m電源線、D-Sub線、HDMI線
LS27D300GACXZW,型號：S27D300GA,27吋平面商用螢幕 SD30G,27吋16:9 IPS平面螢幕,FHD(1920x1080)解析度,可視面積597.888x336.312mm,原生對比1000:1,動態對比Mega,亮度250/200 cd/㎡(典型/最小),反應時間5ms(GtG),最大刷新率100Hz,可視角178°/178°,色彩支援Max 16.7M,NTSC 72%(CIE 1931),節能模式,低藍光模式,零閃屏,Windows 11認證,Off Timer Plus,介面:D-Sub x1,HDMI 1.4x1(HDCP 1.4),操作溫度10~40℃,濕度10~80%,簡約型底座,前後傾斜-2°~21°,100x100mm壁掛,再生塑料13%,電源AC 100~240V外接變壓器,最大耗電25W,尺寸含底座612.7x470.0x200.4mm,不含底座612.7x360.9x36.2mm,包裝710.0x100.0x403.0mm,重量含底座2.9kg,不含底座2.4kg,包裝4.3kg,配件含1.5m電源線、HDMI線
LS24F332EACXZW,型號：S24F332EA,24吋平面商用螢幕 SF33E,24吋16:9 VA平面螢幕,FHD(1920x1080)解析度,可視面積527.04x296.46mm,原生對比3000:1,動態對比Mega,亮度250/200 cd/㎡(典型/最小),反應時間5ms(GtG),最大刷新率100Hz,可視角178°/178°,色彩支援Max 16.7M,NTSC 72%(CIE 1931),節能模式,低藍光模式,零閃屏,Windows 11認證,Off Timer Plus,介面:D-Sub x1,HDMI 1.4x1(HDCP 1.4),操作溫度10~40℃,濕度10~80%,簡約型底座,前後傾斜-2°~20°,100x100mm壁掛,再生塑料20%,電源AC 100-240V外接變壓器,最大耗電25W,尺寸含底座539.5x422.8x217.4mm,不含底座539.5x322.8x41.2mm,包裝607.0x147.0x380.0mm,重量含底座2.8kg,不含底座2.4kg,包裝4.3kg,配件含1.5m電源線、D-Sub線、HDMI線
LS32D392GACXZW,型號：S32D392GA,32吋曲面商用螢幕 SD39G,32吋16:9 VA曲面螢幕,1500R曲率,FHD(1920x1080)解析度,可視面積698.4x392.85mm,原生對比3000:1,亮度250/200 cd/㎡(典型/最小),反應時間4ms(GtG),最大刷新率100Hz,可視角178°/178°,色彩支援Max 16.7M,sRGB 95%,節能模式,低藍光模式,零閃屏,Windows 11認證,Off Timer Plus,介面:D-Sub x1,HDMI 1.4x1(HDCP 1.4),耳機孔,操作溫度10~40℃,濕度10~80%,簡約型底座,前後傾斜-2°~22°,75x75mm壁掛,再生塑料59%,電源AC 100~240V外接變壓器,最大耗電48W,尺寸含底座716.1x525.3x260.9mm,不含底座716.1x423.2x92.5mm,包裝900.0x205.0x510.0mm,重量含底座5.1kg,不含底座4.4kg,包裝8.7kg,配件含1.5m電源線、D-Sub線、HDMI線
LS27D392GACXZW,型號：S27D392GA,27吋曲面商用螢幕 SD39G,27吋16:9 VA曲面螢幕,1800R曲率,FHD(1920x1080)解析度,可視面積597.888x336.312mm,原生對比4000:1,亮度250/200 cd/㎡(典型/最小),反應時間4ms(GtG),最大刷新率100Hz,可視角178°/178°,色彩支援Max 16.7M,sRGB 95%,節能模式,低藍光模式,零閃屏,Windows 11認證,Off Timer Plus,介面:D-Sub x1,HDMI 1.4x1(HDCP 1.4),耳機孔,操作溫度10~40℃,濕度10~80%,簡約型底座,前後傾斜-2°~22°,75x75mm壁掛,再生塑料55%,電源AC 100~240V外接變壓器,最大耗電35W,尺寸含底座617.8x468.7x250.7mm,不含底座617.8x366.5x75.8mm,包裝800.0x155.0x453.0mm,重量含底座3.8kg,不含底座3.1kg,包裝6.3kg,配件含1.5m電源線、D-Sub線、HDMI線
LS27D400GACXZW,型號：S27D400GA,27吋平面商用螢幕 SD40G,27吋16:9 IPS平面螢幕,FHD(1920x1080)解析度,可視面積597.888x336.312mm,原生對比1000:1,動態對比Mega,亮度250/200 cd/㎡(典型/最小),反應時間5ms(GtG),最大刷新率100Hz,可視角178°/178°,色彩支援Max 16.7M,NTSC 72%(CIE 1931),節能模式,低藍光模式,零閃屏,Windows 11認證,Off Timer Plus,Auto Source Switch,介面:DisplayPort 1.2x1(HDCP 1.2),HDMI 1.4x2,耳機孔,USB 2.0x2(下行),USB-B上行x1,操作溫度10~40℃,濕度10~80%,HAS底座(高度105±5mm),前後傾斜-3°~25°,左右旋轉-45°~45°,垂直旋轉-92°~92°,100x100mm壁掛,TCO Certified,再生塑料16.3%,電源AC 100~240V內建電源,最大耗電50W,尺寸含底座612.7x538.3x219.0mm,不含底座612.7x360.9x39.8mm,包裝655.0x109.0x488.0mm,重量含底座4.0kg,不含底座2.7kg,包裝5.6kg,配件含1.5m電源線、HDMI線
LS24DG302ECXZW,型號：S24DG302EC,24吋Odyssey G3 平面電競顯示器 G30D,24吋16:9 VA平面螢幕,FHD(1920x1080)解析度,可視面積525.89x295.81mm,原生對比3000:1,動態對比MEGA,亮度250/200 cd/㎡(典型/最小),HDR10,反應時間1ms(MPRT),最大刷新率180Hz,可視角178°/178°,色彩支援Max 16.7M,sRGB 95%,節能模式,低藍光模式,零閃屏,Windows 11認證,FreeSync,Off Timer Plus,黑平衡,虛擬準心,更新頻率調整,超級電競模式UX,Auto Source Switch自動來源切換,介面:DisplayPort 1.4x1(HDCP 1.3),HDMI 2.0x1(HDCP 1.4),耳機孔,操作溫度10~40℃,濕度10~80%
LS37D802UACXZW,型號：S37D802UAC,37吋ViewFinity S8 UHD 高解析度平面顯示器 S80UD,37吋16:9 VA平面螢幕,可視面積808.0x454.5mm,4K UHD(3840x2160)解析度,亮度350/280 cd㎡(典型/最小),原生對比3000:1,動態對比Mega ∞ DCR,HDR10,反應時間5ms,可視角度178°/178°,色彩支援1.07B,sRGB 100%(Typ),屬ViewFinity創作者系列,具節能模式、低藍光模式與零閃屏,支援PIP子母畫面與PBP分割畫面與影像尺寸調整,Windows 11認證,Off Timer Plus,自動來源切換Auto Source Switch+,智慧偵測環境光源Adaptive Picture,內建KVM Switch,介面：DisplayPort 1.2 x1(HDCP 2.2),HDMI 2.0 x1(HDCP 2.2),耳機孔,USB 3.0 Hub x3,USB‑C x1(支援90W充電),USB‑B上行x1,乙太網路LAN x1,操作環境10~40℃/10~80%,黑色機身與HAS高度調整底座,高度調整範圍120mm,前後傾斜-5°~20°,左右旋轉-30°~30°,VESA壁掛100x100mm,TCO認證與碳足跡標示,再生資源塑料含量85%以上,電源AC 100~240V內置電源,最大耗電190W,尺寸含底座823.9x648.0x250.0mm,不含底座823.9x486.5x41.8mm,包裝尺寸921x181x604mm,重量含底座8.9kg,不含底座5.9kg,包裝重量12.3kg,配件含1.5m電源線與USB Type‑C連接線。
LS57CG952NCXZW,型號：S57CG952NC,57吋Odyssey Neo G9 Mini LED曲面電競顯示器 G95NC,57吋32:9 VA曲面螢幕,1000R曲率,DUHD(7680x2160)解析度,最大240Hz更新頻率,1ms(GtG)反應時間,420/350 cd㎡亮度(典型/最小),原生對比2500:1(靜態),動態對比Mega DCR,178°寬廣視角,10億色彩支援,DCI覆蓋95%,VESA DisplayHDR 1000,HDR10+ Gaming,量子Mini LED局部調光(2392區),低藍光模式,零閃屏,PIP子母畫面,PBP畫面分割,金屬量子點顯色技術,影像尺寸調整,Windows 10認證,FreeSync Premium Pro,Off Timer Plus,黑平衡,虛擬準心,Core Sync,更新頻率調整,超級電競模式UX,自動來源切換Auto Source Switch+,智慧偵測環境光源(Adaptive Picture),KVM Switch,介面：DisplayPort 2.1 x1(HDCP 2.2)、HDMI 2.1 x3(HDCP 2.2)、耳機孔、USB 3.0 x2,操作溫度10~40℃、濕度10~80%,工廠出廠調校與校正報告,色彩模式:Entertain/Graphic/Eco/Game Standard/FPS/RTS/RPG/Sports/Original/Custom,黑色正面與白色背面、HAS底座(高度調整120mm),前後傾斜-3°~10°、左右旋轉-15°~15°,VESA 100x100mm壁掛,UL Glare Free,電源AC100-240V內置電源,最大耗電300W,尺寸含底座1327.5x601.0x499.6mm,不含底座1327.5x429.5x338.4mm,包裝尺寸1455x420x557mm,重量含底座19.0kg、不含底座15.4kg、包裝重量26.8kg,配件1.5m電源線、HDMI線、DP線、USB 3.0線
LS32DG702ECXZW,型號：S32DG702EC,32吋Odyssey G7 IPS 平面電競顯示器 G70D,32吋16:9 Fast IPS平面螢幕,4K UHD(3840x2160),最大144Hz更新頻率,1ms(GtG)反應時間,VESA DisplayHDR 400,HDR10+ Gaming,350/280 cd㎡亮度(典型/最小),原生對比1000:1,178°寬廣視角,10.7億色彩支援,sRGB 99%,低藍光模式,零閃屏,Windows 11認證,支援AMD FreeSync Premium,G-Sync相容,Off Timer Plus,黑平衡,虛擬準心,Core Sync,Game Bar 2.0,HDMI-CEC,自動來源切換+,智慧偵測環境光源,超寬遊戲螢幕,影像尺寸調整,PIP/PBP多畫面分割,AI Smart TV智慧電視,Tizen作業系統,Bixby語音助理,SmartThings Hub,多重視窗(最多2畫面),遠端存取,WiFi5,藍牙5.2,10W立體聲喇叭,Adaptive Sound Pro智慧音效,介面：DisplayPort 1.4 x1、HDMI 2.1 x2、USB-B上行x1、USB-A下行x2(3.0)、乙太網路x1、耳機孔,操作環境溫度10–40℃、濕度10–80%,工廠出廠調校與報告,黑色機身與HAS PIVOT底座(120mm高度調整),前後傾斜-2°~25°、左右旋轉-30°~30°、垂直旋轉-92°~92°,VESA 100x100mm壁掛,電源AC 100–240V外接電源變壓器,最大耗電78W,尺寸含底座714.2x583.2x263.5mm,不含底座714.2x418.4x73.8mm,包裝尺寸796x166x517mm,重量含底座8.0kg、不含底座4.8kg、包裝重量10.1kg,配件1.5m電源線,DP線,USB 3.0線,遙控器
LS27DG602SCXZW,型號：S27DG602SC,27吋Odyssey OLED G6 平面電競顯示器 G60SD,27吋16:9 OLED平面螢幕,QHD(2560x1440),最大360Hz更新頻率,0.03ms(GtG)超快反應時間,250/200 cd㎡亮度(典型/最小),原生對比1000000:1,178°寬廣視角,10.7億色彩支援,DCI色域99%(CIE1976),HDR10/HDR10+/HDR10+ Gaming,銀色機身與底座,抗眩光真霧面面板,OLED Safeguard+防止螢幕烙印技術,動態冷卻系統,熱調節系統,標誌及工作列偵測,螢幕保護模式,AMD FreeSync Premium Pro,低藍光模式,零閃屏,PIP子母畫面,金屬量子點顯色技術,Windows 11認證,黑平衡,虛擬準心,Core Sync,超級電競模式UX,自動來源切換Auto Source Switch+,超寬遊戲螢幕,影像尺寸調整,介面：DisplayPort 1.4x1(HDCP 2.2),HDMI 2.1x2(HDCP 2.2),USB 3.0 x2,耳機孔,操作溫度10~40℃,濕度10~80%,工廠校正與保固涵蓋正常使用下的烙印現象,HAS PIVOT底座120mm高度調整,前後傾斜-2°~25°,左右旋轉-30°~30°,垂直旋轉-92°~92°,VESA 100x100壁掛,尺寸含底座611.7x554.2x263.5mm,不含底座611.7x353.8x49.2mm,重量含底座6.9kg、不含底座3.8kg,包裝重量9.5kg,配件1.5m電源線,HDMI線,DP線,USB 3.0線
LS49CG934SCXZW,型號：S49CG934SC,49吋Odyssey OLED G9 曲面電競顯示器 G93SC,49吋32:9 OLED曲面螢幕(1800R曲率),Dual QHD(5120x1440),最大240Hz更新頻率,0.03ms(GtG)反應時間,250/200 cd㎡亮度(典型/最小),原生對比1000000:1,178°寬廣視角,10.7億色彩支援,DCI色域99%(CIE1976),VESA DisplayHDR True Black 400,HDR10+/HDR10+ Gaming,抗眩光真霧面面板,Samsung OLED Safeguard+防止螢幕烙印,熱調節系統,標誌和工作列偵測,螢幕保護模式,AMD FreeSync Premium Pro,G-Sync相容,低藍光模式,零閃屏,PIP子母畫面,PBP分割畫面,金屬量子點顯色技術,Windows 10認證,黑平衡,低輸入延遲技術,虛擬準心,Core Sync,超級電競模式 UX,自動來源切換Auto Source Switch+,影像尺寸調整,介面：DisplayPort 1.4 x1(HDCP 2.2)、HDMI 2.1 x1(HDCP 2.2)、Micro HDMI 2.1 x1(HDCP 2.2)、USB 3.0 x3、立體聲喇叭(5W x 2ch),操作溫度10–40℃、濕度10–80%,工廠出廠調校與校正報告,銀色機身與HAS底座(120mm高度調整),前後傾斜-2°~15°,壁掛100x100mm,電源AC 100–240V外接電源變壓器,最大耗電220W,尺寸含底座1194.7x529.3x284.1mm,不含底座1194.7x365x180.8mm,重量含底座12.6kg、不含底座8.8kg、包裝重量18.1kg,配件包含1.5m電源線、HDMI轉Micro HDMI線、DP線、USB Type-C轉Type-A傳輸線
LS55CG970NCXZW,型號：S55CG970NC,55吋Odyssey Ark Mini LED 曲面電競顯示器(第2代) G97NC,55吋16:9 VA曲面螢幕,1000R曲率,4K UHD(3840x2160),最大165Hz更新頻率,1ms(GtG)反應時間,600/420 cd㎡亮度(典型/最小),原生對比1000000:1(靜態),動態對比Mega DCR,178°寬廣視角,10.7億色彩支援,DCI色域95%,Quantum HDR 32x,HDR10+/HDR10+ Gaming,Mini LED局部調光(1056區域),量子矩陣技術,量子AI高效處理器,防眩光霧面螢幕,Smart TV智慧電視,Tizen作業系統,支援4組輸入多重視窗,KVM Switch,Ark Dial無線旋鈕盤,畫面最適化(Flex Move Screen),座艙模式,光效同步設計,Windows 10認證,AMD FreeSync Premium Pro,低藍光模式,零閃屏,PIP/PBP畫面分割,金屬量子點顯色技術,遊戲模式,黑平衡,虛擬準心,Game Bar 2.0,HDMI-CEC,自動來源切換+,智慧偵測環境光源,超寬遊戲螢幕,介面：DisplayPort 1.4 x1(HDCP 2.2)、HDMI 2.1 x2+HDMI 2.0 x1(HDCP 2.2)、USB 2.0 x2、以太網路x1、耳機孔、WiFi5、藍牙5.2,60W 2.2.2聲道立體聲喇叭(Dolby Atmos杜比全景聲),操作溫度0–40℃、濕度10–80%,工廠出廠調校與校正報告,黑色機身與HAS PIVOT底座(橫向270mm/直向30mm高度調整),前後傾斜橫向-10°~10°/直向-13°~10°、垂直旋轉-90°~90°,VESA 200x200壁掛,電源AC100-240V內置電源,最大耗電140W,尺寸含底座1174.8x1102x379mm,不含底座1174.8x704.8x251.8mm,包裝尺寸1362x922x317mm,重量含底座41.5kg、不含底座21.1kg、包裝重量57.1kg,配件1.5m電源線,HDMI線,遙控器
LS55BG970NCXZW,型號：S55BG970NC,55吋Odyssey Ark Mini LED 曲面電競顯示器 G97NB,55吋16:9 VA曲面螢幕,1000R曲率,4K UHD(3840x2160),最大165Hz更新頻率,1ms(GtG)反應時間,600/420 cd㎡亮度(典型/最小),原生對比1000000:1(靜態),動態對比Mega DCR,178°寬廣視角,10.7億色彩支援,DCI色域95%,Quantum HDR 32x,HDR10+/HDR10+ Gaming,Mini LED局部調光(1056區域),量子矩陣技術,量子AI高效處理器,防眩光霧面螢幕,Smart TV智慧電視,Tizen作業系統,支援SmartThings,支援4組輸入多重視窗,KVM Switch,Ark Dial無線旋鈕盤,畫面最適化(Flex Move Screen),座艙模式,光效同步設計,Samsung MagicRotation Auto,Windows 10認證,AMD FreeSync Premium Pro,低藍光模式,零閃屏,PIP/PBP畫面分割,金屬量子點顯色技術,遊戲模式,Game Bar 2.0,HDMI-CEC,自動來源切換+,智慧偵測環境光源,超寬遊戲螢幕,介面：HDMI 2.1 x4(HDCP 2.2)、DisplayPort 1.4 x1(HDCP 2.2)、USB 2.0 x2、以太網路x1、耳機孔、WiFi5、藍牙5.2,60W 2.2.2聲道立體聲喇叭(Dolby Atmos杜比全景聲),操作溫度0–40℃、濕度10–80%,工廠出廠調校與校正報告,黑色機身與HAS PIVOT底座(橫向270mm/直向30mm高度調整),前後傾斜橫向-10°~10°/直向-13°~10°、垂直旋轉-90°~90°,VESA 200x200壁掛,電源AC100-240V內置電源,尺寸含底座1174.8x1102x379mm,不含底座1174.8x704.8x251.8mm,包裝尺寸1362x922x317mm,重量含底座41.5kg、不含底座21.1kg、包裝重量57.1kg,配件1.5m電源線,HDMI線,遙控器,Ark Dial無線旋鈕盤,美型集線器,One Connect
LS32BG750NCXZW,型號：S32BG750NC,32吋Odyssey Neo G7 Mini LED 曲面電競顯示器 G75NB,32吋16:9 VA曲面螢幕,1000R曲率,4K UHD(3840x2160),最大165Hz更新頻率,1ms(GtG)反應時間,350/300 cd㎡亮度(典型/最小),原生對比1000000:1,動態對比Mega DCR,178°寬廣視角,10.7億色彩支援,DCI色域95%,Quantum HDR 2000,HDR10+/HDR10+ Gaming,Mini LED局部調光(1196區域),量子矩陣技術,低藍光模式,零閃屏,PIP子母畫面,金屬量子點顯色技術,Windows 10認證,AMD FreeSync Premium Pro,Off Timer Plus,黑平衡,低輸入延遲技術,虛擬準心,Core Sync,更新頻率調整,超級電競模式 UX,自動來源切換+,智慧偵測環境光源,超寬遊戲螢幕,介面：DisplayPort 1.4 x1(HDCP 2.2)、HDMI 2.1 x2(HDCP 2.2)、USB 3.0 x2、耳機孔,操作溫度10–40℃、濕度10–80%,工廠出廠調校,黑色機身與HAS PIVOT底座(120mm高度調整),前後傾斜-9°~13°,左右旋轉-15°~15°,垂直旋轉-92°~92°,VESA 100x100壁掛,電源AC 100–240V外接電源變壓器,尺寸含底座713x606.2x311.1mm,不含底座713x440.3x185mm,包裝尺寸827x231x499mm,重量含底座8.6kg、不含底座6.7kg、包裝重量12kg,配件1.5m電源線,DP線
LS43CG700NCXZW,型號：S43CG700NC,43吋Odyssey Neo G7 Mini LED 平面電競顯示器 G70NC,43吋16:9 VA平面螢幕,4K UHD(3840x2160),最大144Hz更新頻率,1ms(MPRT)反應時間,400/300 cd㎡亮度(典型/最小),原生對比1000000:1(動態),動態對比Mega DCR,178°寬廣視角,10.7億色彩支援,DCI色域95%(CIE1976),VESA DisplayHDR 600,HDR10+/HDR10+ Gaming,Mini LED局部調光,量子矩陣技術,防眩光霧面螢幕,Smart TV智慧電視,Tizen作業系統,畫面最適化(Flex Move Screen),超寬遊戲螢幕,Game Bar 2.0,Windows 10認證,AMD FreeSync Premium Pro,低藍光模式,零閃屏,PIP子母畫面,金屬量子點顯色技術,Off Timer Plus,虛擬準心,Core Sync,HDMI-CEC,自動來源切換,智慧偵測環境光源,介面：DisplayPort 1.4 x1(HDCP 2.2)、HDMI 2.1 x2(HDCP 2.2)、USB 3.0 x2、以太網路x1、耳機孔、WiFi5、藍牙5.2,20W立體聲喇叭(Adaptive Sound),操作溫度0–40℃、濕度10–80%,工廠出廠調校與校正報告,黑色正面/白色背面與簡約型底座,前後傾斜-2°~20°,VESA 200x200壁掛,電源AC100-240V內置電源,尺寸含底座960.8x635x254.1mm,不含底座960.8x563.3x37.9mm,包裝尺寸1233x667x153mm,重量含底座11.7kg、不含底座9.2kg、包裝重量16.1kg,配件1.5m電源線,DP線,遙控器
LS28AG700NCXZW,型號：S28AG700NC,28吋Odyssey G70A 平面電競顯示器,28吋16:9 IPS平面螢幕,4K UHD(3840x2160),最大144Hz更新頻率,1ms(GtG)反應時間,300/250 cd㎡亮度(典型/最小),峰值亮度400 cd㎡,原生對比1000:1,動態對比Mega ∞ DCR,178°寬廣視角,1.67億色彩支援,DCI色域90%,VESA DisplayHDR 400,低藍光模式,零閃屏,PIP子母畫面,Windows 10認證,AMD FreeSync Premium Pro,G-Sync相容,Off Timer Plus,黑平衡,低輸入延遲技術,更新頻率調整,超級電競模式 UX,自動來源切換+,超寬遊戲螢幕,CoreSync光效自動調整設計,介面：DisplayPort 1.4 x1、HDMI 2.1 x2、USB 3.0 x1、耳機孔,操作溫度10–40℃、濕度10–80%,工廠出廠調校與校正報告,HAS PIVOT底座(120mm高度調整),前後傾斜-9°~13°,左右旋轉-15°~15°,垂直旋轉-2°~92°,VESA 100x100壁掛,電源AC 100–240V外接電源變壓器,最大耗電78W,尺寸含底座636.9x574.1x247mm,不含底座636.9x379.9x122.1mm,包裝尺寸711x191x475mm,重量含底座7.9kg、不含底座6.2kg、包裝重量10.5kg,配件1.5m電源線,DP線,USB 3.0線
LS32AG500PCXZW,型號：S32AG500PC,32吋Odyssey G5 G50A 平面電競顯示器,32吋16:9 IPS平面螢幕,QHD(2560x1440),最大165Hz更新頻率,1ms(GtG)反應時間,350/280 cd㎡亮度(典型/最小),原生對比1000:1,動態對比Mega ∞ DCR,178°寬廣視角,10.7億色彩支援,sRGB 99%,HDR10,低藍光模式,零閃屏,Windows 10認證,AMD FreeSync Premium,G-Sync相容,Off Timer Plus,黑平衡,低輸入延遲技術,更新頻率調整,超級電競模式 UX,自動來源切換,超寬遊戲螢幕,介面：DisplayPort 1.2 x1、HDMI 2.0 x1、耳機孔,操作溫度10–40℃、濕度10–80%,色彩支援模式Custom/FPS/RTS/RPG/AOS/Cinema/sRGB/DynamicContrast,HAS底座(120mm高度調整),前後傾斜-11°~15°,左右旋轉-15°~15°,垂直旋轉-2°~92°,VESA 100x100壁掛,電源AC 100–240V外接電源變壓器,最大耗電59W,尺寸含底座714.6x602.9x311.1mm,不含底座714.6x440.6x91.5mm,包裝尺寸802x176x545mm,重量含底座7.5kg、不含底座5.6kg、包裝重量9.7kg,配件1.5m電源線,DP線
LS27AG500NCXZW,型號：S27AG500NC,27吋Odyssey G5 G50A 平面電競顯示器,27吋16:9 IPS平面螢幕,QHD(2560x1440),最大165Hz更新頻率,1ms(GtG)反應時間,350/280 cd㎡亮度(典型/最小),原生對比1000:1,動態對比Mega ∞ DCR,178°寬廣視角,10.7億色彩支援,sRGB 99%,HDR10,低藍光模式,零閃屏,Windows 10認證,AMD FreeSync Premium,G-Sync相容,Off Timer Plus,黑平衡,低輸入延遲技術,更新頻率調整,超級電競模式 UX,自動來源切換,超寬遊戲螢幕,介面：DisplayPort 1.2 x1、HDMI 2.0 x1、耳機孔,操作溫度10–40℃、濕度10–80%,色彩支援模式Custom/FPS/RTS/RPG/AOS/Cinema/sRGB/DynamicContrast,HAS底座(120mm高度調整),前後傾斜-2°~22°,左右旋轉-30°~30°,垂直旋轉-2°~92°,VESA 100x100壁掛,電源AC 100–240V外接電源變壓器,最大耗電48W,尺寸含底座613.7x570.5x247mm,不含底座613.7x375.3x91.5mm,包裝尺寸684x173x467mm,重量含底座6.1kg、不含底座4.4kg、包裝重量8kg,配件1.5m電源線,DP線
LS24AG320NCXZW,型號：S24AG320NC,24吋Odyssey G3 平面電競顯示器 G32A,24吋16:9 VA平面螢幕,FHD(1920x1080),最大165Hz更新頻率,1ms(MPRT)反應時間,250/200 cd㎡亮度(典型/最小),原生對比3000:1,動態對比MEGA,178°寬廣視角,1670萬色彩支援,NTSC 72%,低藍光模式,零閃屏,遊戲模式,Windows 10認證,AMD FreeSync Premium,Off Timer Plus,黑平衡,更新頻率調整,介面：DisplayPort 1.2 x1、HDMI 1.4 x1、耳機孔,操作溫度10–40℃、濕度10–80%,HAS底座(高度可調120mm),前後傾斜-5°~20°,左右旋轉-15°~15°,垂直旋轉-2°~92°,VESA 100x100壁掛,電源AC 100–240V外接電源變壓器,最大耗電25W,尺寸含底座544x498.7x234.2mm,不含底座544x333.3x92mm,包裝尺寸636x211.5x454mm,重量含底座4.5kg、不含底座3kg、包裝重量6.6kg,配件電源線1.5m,DP連接線
LS32DM803UCXZW,型號：S32DM803UC,32吋智慧聯網螢幕 M8 M80D (2024),32吋16:9 VA平面螢幕,4K UHD (3840x2160),最大更新頻率60Hz,反應時間4ms(GtG),400/300 cd㎡典型/最小亮度,原生對比3000:1,支援HDR10和HDR10+,178°寬廣視角,10.7億色彩支援,sRGB 99% (CIE1931),低藍光模式,零閃屏,Windows 11認證,虛擬準心,Game Bar 2.0,HDMI-CEC,自動來源切換(Auto Source Switch+),智慧偵測環境光源(Adaptive picture),超寬遊戲螢幕(Ultrawide Game View),智慧功能包括Tizen作業系統、長距離語音辨識、SmartThings Hub、多裝置體驗及多重視窗,介面包含HDMI 2.0 x1、USB-C x1(65W充電)、USB 2.0 x2,支援WiFi5和藍牙5.2,內建10W立體聲喇叭及Adaptive Sound Pro智慧偵測音效,人體工學設計HAS PIVOT底座(120mm高度調整),前後傾斜-2°~15°,垂直旋轉-92°~92°,VESA 100x100壁掛,電源AC 100~240V外接變壓器,最大耗電140W,尺寸含底座713.4x616.2x200.1mm,不含底座713.4x423.8x24.5mm,包裝尺寸925x132x485mm,重量含底座7.2kg、不含底座4.2kg,配件包含1.5m電源線、HDMI線、USB Type-C線、太陽能智慧遙控器及視訊攝影機
LS43DM702UCXZW,型號：S43DM702UC,43吋智慧聯網螢幕 M7 M70D (2024),43吋16:9 VA平面螢幕,4K UHD(3840x2160),最大60Hz更新頻率,4ms(GtG)反應時間,300/240 cd㎡亮度(典型/最小),原生對比5000:1,動態對比支援,HDR10,178°寬廣視角,10.7億色彩支援,NTSC 72%,低藍光模式,零閃屏,Windows 11認證,虛擬準心,Game Bar 2.0,HDMI-CEC,自動來源切換Auto Source Switch+,智慧偵測環境光源Adaptive picture,超寬遊戲螢幕Ultrawide Game View,智慧功能Tizen作業系統、長距離語音辨識、SmartThings Hub、多裝置體驗(Mobile to Screen等)、多重視窗(最多2影片)、智慧校色基本、NFT Nifty Gateway、遠端存取,介面：HDMI 2.0 x2(HDCP 2.2)、USB-C x1(65W充電,HDCP 2.2)、USB 2.0 x3、無線顯示,支援WiFi5、藍牙5.2,內建20W立體聲喇叭及Adaptive Sound智慧偵測音效,操作溫度10–40℃、濕度10–80%,工廠出廠調校,黑色機身與簡約型底座,前後傾斜-2°~20°,VESA 200x200壁掛,電源AC 100–240V內置電源,最大耗電210W,尺寸含底座965.5x629.3x247.2mm,不含底座965.5x559.8x25.7mm,包裝尺寸1198x677x159mm,重量含底座10.6kg、不含底座8.5kg、包裝重量13.7kg,配件1.5m電源線,HDMI線,USB Type-C線,太陽能智慧遙控器
LS43DM703UCXZW,型號：S43DM703UC,43吋智慧聯網螢幕 M7 M70D (2024)白色版,43吋16:9 VA平面螢幕,4K UHD(3840x2160),最大60Hz更新頻率,4ms(GtG)反應時間,300/240 cd㎡亮度(典型/最小),原生對比5000:1,動態對比支援,HDR10,178°寬廣視角,10.7億色彩支援,NTSC 72%,低藍光模式,零閃屏,Windows 11認證,虛擬準心,Game Bar 2.0,HDMI-CEC,自動來源切換Auto Source Switch+,智慧偵測環境光源Adaptive picture,超寬遊戲螢幕Ultrawide Game View,智慧功能Tizen作業系統、長距離語音辨識、SmartThings Hub、多裝置體驗(Mobile to Screen等)、多重視窗(最多2影片)、智慧校色基本、NFT Nifty Gateway、遠端存取,介面：HDMI 2.0 x2(HDCP 2.2)、USB-C x1(65W充電,HDCP 2.2)、USB 2.0 x3、無線顯示,支援WiFi5、藍牙5.2,內建20W立體聲喇叭及Adaptive Sound智慧偵測音效,操作溫度10–40℃、濕度10–80%,工廠出廠調校,白色機身與簡約型底座,前後傾斜-2°~20°,VESA 200x200壁掛,電源AC 100–240V內置電源,最大耗電210W,尺寸含底座965.5x629.3x247.2mm,不含底座965.5x559.8x25.7mm,包裝尺寸1198x677x159mm,重量含底座11kg、不含底座8.7kg、包裝重量14.1kg,配件1.5m電源線,HDMI線,USB Type-C線,太陽能智慧遙控器
LS32DM702UCXZW,型號：S32DM702UC,FollowMe 移動式 4K 32吋智慧聯網螢幕組 M7 (M70D + 移動式立架),32吋16:9 VA平面螢幕,4K UHD(3840x2160),最大60Hz更新頻率,4ms(GtG)反應時間,300/240 cd㎡亮度(典型/最小),原生對比3000:1,動態對比支援,HDR10,178°寬廣視角,10.7億色彩支援,NTSC 72%,低藍光模式,零閃屏,Windows 11認證,虛擬準心,Game Bar 2.0,HDMI-CEC,自動來源切換Auto Source Switch+,智慧偵測環境光源Adaptive picture,超寬遊戲螢幕Ultrawide Game View,智慧功能Tizen作業系統、長距離語音辨識、SmartThings Hub、多裝置體驗(Mobile to Screen等)、多重視窗(最多2影片)、智慧校色基本、NFT Nifty Gateway、遠端存取,介面：HDMI 2.0 x2(HDCP 2.2)、USB-C x1(65W充電,HDCP 2.2)、USB 2.0 x3、無線顯示,支援WiFi5、藍牙5.2,內建10W立體聲喇叭及Adaptive Sound智慧偵測音效,操作溫度10–40℃、濕度10–80%,工廠出廠調校,黑色機身與簡約型底座,前後傾斜-2°~22°,VESA 100x100壁掛,電源AC 100–240V內置電源,最大耗電150W,尺寸含底座716.1x517x193.5mm,不含底座716.1x424.5x41.8mm,包裝尺寸842x133x487mm,重量含底座6.5kg、不含底座5.4kg、包裝重量8.4kg,配件1.5m電源線,HDMI線,USB Type-C線,太陽能智慧遙控器
LS32DM703UCXZW,型號：S32DM703UC,FollowMe 移動式 4K 32吋智慧聯網螢幕組 M7 (M70D + 移動式立架)白色版,32吋16:9 VA平面螢幕,4K UHD(3840x2160),最大60Hz更新頻率,4ms(GtG)反應時間,300/240 cd㎡亮度(典型/最小),原生對比3000:1,動態對比支援,HDR10,178°寬廣視角,10.7億色彩支援,NTSC 72%,低藍光模式,零閃屏,Windows 11認證,虛擬準心,Game Bar 2.0,HDMI-CEC,自動來源切換Auto Source Switch+,智慧偵測環境光源Adaptive picture,超寬遊戲螢幕Ultrawide Game View,智慧功能Tizen作業系統、長距離語音辨識、SmartThings Hub、多裝置體驗(Mobile to Screen等)、多重視窗(最多2影片)、智慧校色基本、NFT Nifty Gateway、遠端存取,介面：HDMI 2.0 x2(HDCP 2.2)、USB-C x1(65W充電,HDCP 2.2)、USB 2.0 x3、無線顯示,支援WiFi5、藍牙5.2,內建10W立體聲喇叭及Adaptive Sound智慧偵測音效,操作溫度10–40℃、濕度10–80%,工廠出廠調校,白色機身與簡約型底座,前後傾斜-2°~22°,VESA 100x100壁掛,電源AC 100–240V內置電源,最大耗電150W,尺寸含底座716.1x517x193.5mm,不含底座716.1x424.5x41.8mm,包裝尺寸842x133x487mm,重量含底座6.8kg、不含底座5.7kg、包裝重量8.7kg,配件1.5m電源線,HDMI線,USB Type-C線,太陽能智慧遙控器
LS27DM502ECXZW,型號：S27DM502EC,27吋智慧聯網螢幕 M5 M50D (2024)黑色版,27吋16:9 VA平面螢幕,FHD(1920x1080)解析度,最大60Hz更新頻率,4ms(GtG)反應時間,250/200 cd㎡亮度(典型/最小),原生對比3000:1,HDR10,178°寬廣視角,10.7億色彩支援,NTSC 72%,低藍光模式,零閃屏,Windows 11認證,虛擬準心,Game Bar 2.0,HDMI-CEC,自動來源切換Auto Source Switch+,智慧偵測環境光源Adaptive picture,超寬遊戲螢幕Ultrawide Game View,智慧功能Tizen作業系統、SmartThings Hub、多裝置體驗(Mobile to Screen等)、多重視窗(最多2影片)、NFT Nifty Gateway、遠端存取,介面：HDMI 1.4 x2(HDCP 2.2)、USB 2.0 x2、Wireless Display,支援WiFi5、藍牙5.2,內建10W立體聲喇叭及Adaptive Sound智慧偵測音效,操作溫度10–40℃、濕度10–80%,黑色機身與簡約型底座,前後傾斜-2°~22°,VESA 100x100壁掛,電源AC 100–240V內置電源,最大耗電50W,尺寸含底座615.5x455.4x193.5mm,不含底座615.5x367.9x41.8mm,包裝尺寸738x126x428mm,重量含底座4.8kg、不含底座3.6kg、包裝重量6.1kg,配件1.5m電源線、HDMI線、遙控器
LS27B610EQCXZW,型號：S27B610EQC,27吋 ViewFinity S6 IPS 高解析度平面顯示器 S61B,27吋16:9 IPS平面螢幕,QHD(2560x1440),最大75Hz更新頻率,5ms(GtG)反應時間,300/250 cd㎡亮度(典型/最小),原生對比1000:1,動態對比Mega,178°寬廣視角,16.7M色彩支援,NTSC 83%,sRGB 99%,低藍光模式,零閃屏,Windows 10認證,AMD FreeSync,自動來源切換,影像尺寸調整,介面：DisplayPort 1.2 x1、HDMI 1.4 x2(HDCP 1.4)、耳機孔,操作溫度10–40℃、濕度10–80%,黑色機身與HAS PIVOT底座(高度調整135mm),前後傾斜-4°~24°,左右旋轉-45°~45°,垂直旋轉-4°~92°,VESA 100x100壁掛,電源AC 100–240V外接電源變壓器,最大耗電35W,尺寸含底座616.2x538.5x192.9mm,不含底座616.2x367.7x45.4mm,包裝尺寸685x215x435mm,重量含底座5.4kg、不含底座3.6kg、包裝重量7.4kg,配件1.5m電源線,HDMI線
LS49C950UACXZW,型號：S49C950UAC,49吋 ViewFinity S9 高解析度曲面顯示器 S95UC,49吋32:9 VA曲面螢幕,1000R曲率,DQHD(5120x1440),最大120Hz更新頻率,5ms(GtG)反應時間,350/280 cd㎡亮度(典型/最小),原生對比3000:1,動態對比Mega ∞ DCR,VESA DisplayHDR 400,178°寬廣視角,10.7億色彩支援,DCI 92%,sRGB 115%,低藍光模式,零閃屏,PIP/PBP畫面分割,Windows 11認證,Off Timer Plus,自動來源切換Auto Source Switch+,智慧偵測環境光源Adaptive picture,KVM Switch,介面：DisplayPort 1.4 x1(HDCP 2.2)、HDMI 2.0 x2(HDCP 2.2)、USB-C x1(90W充電,HDCP 2.2)、USB 3.0 x3、乙太網路LAN x1、耳機孔,內建5Wx2立體聲喇叭,操作溫度10–40℃、濕度10–80%,工廠出廠調校,黑色機身與HAS底座(高度調整120mm),前後傾斜-2°~11°,左右旋轉-15°~15°,VESA 100x100壁掛,再生資源塑料10%以上,電源AC 100–240V內置電源,最大耗電210W,尺寸含底座1147.6x568.4x420.5mm,不含底座1147.6x363.5x293.8mm,包裝尺寸1265x343x481mm,重量含底座15.6kg、不含底座10.6kg、包裝重量20.6kg,配件HDMI線,USB Type-C線,USB 3.0線
LS27C900PACXZW,型號：S27C900PAC,27吋 ViewFinity S9 5K 高解析度平面顯示器 S90PC,27吋16:9 IPS平面螢幕,5K(5120x2880)解析度,最大60Hz更新頻率,5ms(GtG)反應時間,600/480 cd㎡亮度(典型/最小),原生對比1000:1,HDR支援,178°寬廣視角,最大10.7億色彩支援,DCI色域99%,sRGB覆蓋率100%,低藍光模式,零閃屏,遊戲模式,虛擬準心,Game Bar 2.0,自動來源切換Auto Source Switch+,智慧偵測環境光源Adaptive picture,超寬遊戲螢幕Ultrawide Game View,智慧功能Tizen作業系統、長距離語音辨識、SmartThings Hub、多裝置體驗(Mobile to Screen等)、Wireless DeX、My Contents、多重視窗(最多2影片)、智慧校色基本與專業模式、NFT Nifty Gateway、感應連結Tap View及遠端存取,介面：Wireless Display、Mini-DisplayPort 1個(HDCP 2.2)、DisplayPort 1個、Thunderbolt 4 1個(90W充電,HDCP 2.2)、HDMI 2.0 x2、USB 3.0 x3、耳機孔、乙太網路LAN,內建5Wx2立體聲喇叭(Adaptive Sound+),操作溫度10–40℃、濕度10–80%,工廠出廠調校,正銀色機身與HAS PIVOT底座(高度120mm),前後傾斜-2°~15°,垂直旋轉-92°~92°,左右旋轉-15°~15°,VESA 100x100壁掛,再生資源塑料3%,電源AC100~240V外接電源變壓器,最大耗電182W,尺寸含底座611.4x530.7x135.3mm,不含底座611.4x364.1x27.1mm,包裝尺寸820x133x423mm,重量含底座7.4kg、不含底座4.7kg、包裝重量10.7kg,配件1.5m電源線、Thunderbolt 4線、智慧遙控器及可拆式視訊攝影機.
LS34A650UXCXZW,型號：S34A650UXC,34吋 S6 Ultra WQHD 高解析度曲面顯示器 (ENERGY STAR),34吋21:9 VA曲面螢幕,1000R曲率,Ultra WQHD(3440x1440)解析度,最大100Hz更新頻率,5ms反應時間,300/250 cd㎡亮度(典型/最小),原生對比4000:1,動態對比Mega ∞ DCR,HDR10,178°寬廣視角,10.7億色彩支援,低藍光模式,零閃屏,PIP子母畫面,PBP分割畫面,遊戲模式,省電模式自由選,光源感測(Eco Light Sensor),Windows 10認證,FreeSync,Off Timer Plus,自動來源切換,智慧偵測環境光源(Adaptive picture),介面：DisplayPort 1.2 x1、HDMI 2.0 x1、USB Hub 3.0 x3、USB-C x1(90W充電)、乙太網路(LAN) x1、耳機孔,操作溫度10~40℃、濕度10~80%,黑色機身與HAS高度調整底座(120mm),前後傾斜-2°~25°,左右旋轉-30°~30°,VESA 100x100壁掛,ENERGY STAR認證,再生資源塑料3%,電源AC 100~240V內置,尺寸含底座806.6x553.3x234.9mm,不含底座806.6x369.4x128.1mm,包裝尺寸895x216x471mm,重量含底座7.6kg、不含底座5.1kg、包裝重量9.7kg,配件電源線1.5m,HDMI線,USB Type-C線
LS27A800UJCXZW,型號：S27A800UJC,27吋 S8 UHD 高解析度平面顯示器 (ENERGY STAR),27吋16:9 IPS平面螢幕,4K UHD(3840x2160)解析度,最大60Hz更新頻率,5ms反應時間,300/250 cd㎡亮度(典型/最小),原生對比1000:1 (Typ),動態對比Mega ∞ DCR,HDR10,178°寬廣視角,10億色彩支援,低藍光模式,零閃屏,PIP子母畫面,PBP分割畫面,遊戲模式,影像尺寸調整,Windows 10認證,Off Timer Plus,自動來源切換,智慧偵測環境光源(Adaptive picture),省電模式自由選,USB type-C 連接埠(90W充電),DisplayPort 1.2 x1(HDCP 2.2),HDMI 2.0 x1(HDCP 2.2),USB 3.0 x3,耳機孔,操作溫度10~40℃、濕度10~80%,黑色機身與HAS高度調整底座(120mm),前後傾斜-2°~25°,左右旋轉-30°~30°,垂直旋轉-2°~92°,VESA 100x100壁掛,ENERGY STAR認證,再生資源塑料3%,電源AC 100~240V內置電源,最大耗電約未詳,機身含底座615.5x551.9x196.4mm,不含底座615.5x368.2x42.7mm,包裝尺寸686x171x450mm,重量含底座6.7kg、不含底座4.7kg、包裝重量8.4kg,配件包括1.5m電源線、HDMI線、USB Type-C線
LS27A700NWCXZW,型號：S27A700NWC,27吋 S7 UHD 高解析度平面顯示器 (ENERGY STAR),27吋16:9 IPS平面螢幕,4K UHD(3840x2160)解析度,最大60Hz更新頻率,5ms反應時間,300/250 cd㎡亮度(典型/最小),原生對比1000:1 (Typ),動態對比Mega ∞ DCR,HDR10,178°寬廣視角,10.7億色彩支援,低藍光模式,零閃屏,PIP子母畫面,PBP分割畫面,遊戲模式,影像尺寸調整,Windows 10認證,Off Timer Plus,自動來源切換,智慧偵測環境光源(Adaptive picture),省電模式自由選,光源感測(Eco Light Sensor),介面：DisplayPort 1.2 x1、HDMI 2.0 x1、耳機孔、USB連接埠x1,操作溫度10~40℃、濕度10~80%,工廠出廠調校,色彩支援模式CUSTOM/STANDARD/CINEMA/DYNAMIC CONTRAST/HIGH BRIGHT/sRGB,黑色機身與簡約型底座,前後傾斜-2°~22°,VESA 100x100壁掛,ENERGY STAR認證,再生資源塑料3%,電源AC 100~240V內置電源,尺寸含底座615.5x456x193.5mm,不含底座615.5x368.2x42.7mm,包裝尺寸738x126x428mm,重量含底座5.5kg、不含底座4.4kg、包裝重量7kg,配件1.5m電源線,HDMI線
LS32A700NWCXZW,型號：S32A700NWC,32吋 S7 UHD 高解析度平面顯示器 (ENERGY STAR),32吋16:9 VA平面螢幕,4K UHD(3840x2160)解析度,最大60Hz更新頻率,5ms反應時間,300/250 cd㎡亮度(典型/最小),原生對比2500:1 (Typ),動態對比Mega ∞ DCR,HDR10,178°寬廣視角,10.7億色彩支援,低藍光模式,零閃屏,PIP子母畫面,PBP分割畫面,遊戲模式,影像尺寸調整,Windows 10認證,Off Timer Plus,自動來源切換,智慧偵測環境光源(Adaptive picture),省電模式自由選,光源感測(Eco Light Sensor),介面：DisplayPort 1.2 x1(HDCP 2.2)、HDMI 2.0 x1、耳機孔,操作溫度10~40℃、濕度10~80%,工廠出廠調校,色彩支援模式CUSTOM/STANDARD/CINEMA/DYNAMIC CONTRAST/HIGH BRIGHT/sRGB,黑色機身與簡約型底座,前後傾斜-2°~22°,壁掛100x100,ENERGY STAR認證,再生資源塑料3%,電源AC 100~240V內置電源,耗電DPMS休眠模式0.5W,關閉模式0.5W,尺寸含底座716.1x518.5x193.5mm,不含底座716.1x424.7x41.3mm,包裝尺寸842x133x487mm,重量含底座6.1kg、不含底座5kg、包裝重量8kg,配件1.5m電源線、HDMI線
LF27T450FQCXZW,型號：F27T450FQC,27吋 T450 商用顯示器,27吋16:9 IPS平面螢幕,FHD(1920x1080)解析度,最大75Hz更新頻率,5ms(GtG)反應時間,250/200 cd㎡亮度(典型/最小),原生對比1000:1,動態對比Mega,178°寬廣視角,1670萬色彩支援,NTSC 72%,低藍光模式,零閃屏,遊戲模式,影像尺寸調整,Windows 10認證,FreeSync,Off Timer Plus,省電模式自由選,介面：DisplayPort 1.2 x1、HDMI 1.4 x2、USB Hub 2.0 x2、耳機孔,操作溫度10–40℃、濕度10–80%,黑色機身與HAS PIVOT底座(高度調整130mm),前後傾斜-3°~25°,左右旋轉-45°~45°,垂直旋轉支援,VESA 100x100壁掛,ENERGY STAR認證,再生資源塑料3%以上,電源AC 100–240V內置電源,DPMS休眠模式0.3W、關閉模式0.3W,尺寸含底座612.1x391.6x224.0mm,不含底座612.1x363.6x39.4mm,包裝尺寸693x147x428mm,重量含底座4.6kg、不含底座3.2kg、包裝重量6.2kg,配件1.5m電源線,HDMI線
LF24T350FHCXZW,型號：F24T350FHC,24吋 T350 平面顯示器,24吋16:9 IPS平面螢幕,FHD(1920x1080)解析度,最大75Hz更新頻率,5ms(GtG)反應時間,250/200 cd㎡亮度(典型/最小),原生對比1000:1,動態對比Mega,178°寬廣視角,1670萬色彩支援,NTSC 72%,低藍光模式,零閃屏,遊戲模式,影像尺寸調整,Windows 10認證,FreeSync,Off Timer Plus,省電模式自由選,介面：D-Sub 1個、HDMI 1個(1.4版本)、耳機孔,操作溫度10~40℃、濕度10~80%,黑色機身與Y型底座,前後傾斜-2°~20°,壁掛100x100,電源AC 100~240V外接電源變壓器,DPMS休眠模式0.3W,關閉模式0.3W,尺寸含底座539.2x425.3x232.0mm,不含底座539.2x322.8x39.4mm,包裝尺寸675x125x387mm,重量含底座2.7kg、不含底座2.4kg、包裝重量4.0kg,配件1.5m電源線、HDMI線
LS27C366EACXZW,型號：S27C366EAC,27吋 S3 曲面顯示器 C366,27吋16:9 VA曲面螢幕,1800R曲率,FHD(1920x1080)解析度,最大75Hz更新頻率,4ms(GtG)反應時間,250/200 cd㎡亮度(典型/最小),原生對比3000:1,178°寬廣視角,1670萬色彩支援,NTSC 72%,低藍光模式,零閃屏,遊戲模式,影像尺寸調整,Windows 10認證,FreeSync,Off Timer Plus,省電模式自由選,介面：D-Sub x1、HDMI 1.4 x1(HDCP 1.4)、耳機孔,操作溫度10~40℃、濕度10~80%,黑色機身與簡約型底座,前後傾斜-2°~22°,VESA 75x75mm壁掛,電源AC 100~240V外接電源變壓器,最大耗電25W,尺寸含底座622.6x466.2x234.2mm,不含底座622.6x367.2x108.2mm,包裝尺寸687x175x442mm,重量含底座4.2kg、不含底座3.7kg、包裝重量6.3kg,配件1.5m電源線、HDMI線
LS24C366EACXZW,型號：S24C366EAC,24吋 S3 曲面顯示器 C366,24吋16:9 VA曲面螢幕,1800R曲率,FHD(1920x1080)解析度,最大75Hz更新頻率,4ms(GtG)反應時間,250/200 cd㎡亮度(典型/最小),原生對比3000:1,178°寬廣視角,1670萬色彩支援,NTSC 72%,低藍光模式,零閃屏,遊戲模式,影像尺寸調整,Windows 10認證,FreeSync,Off Timer Plus,省電模式自由選,介面：D-Sub x1、HDMI 1.4 x1(HDCP 1.4)、耳機孔,操作溫度10~40℃、濕度10~80%,黑色機身與簡約型底座,前後傾斜-2°~22°,VESA 75x75mm壁掛,電源AC 100~240V外接電源變壓器,最大耗電25W,尺寸含底座547.8x423.9x234.2mm,不含底座547.8x325.6x102.0mm,包裝尺寸612x162x390mm,重量含底座3.1kg、不含底座2.6kg、包裝重量4.8kg,配件1.5m電源線、HDMI線
LS27C310EACXZW,型號：S27C310EAC,27吋 S3 平面顯示器 C310,27吋16:9 IPS平面螢幕,FHD(1920x1080)解析度,最大75Hz更新頻率,5ms(GtG)反應時間,250/200 cd㎡亮度(典型/最小),原生對比1000:1,178°寬廣視角,1670萬色彩支援,NTSC 72%,低藍光模式,零閃屏,遊戲模式,影像尺寸調整,Windows 10認證,FreeSync,Off Timer Plus,省電模式自由選,介面：D-Sub x1、HDMI 1.4 x1(HDCP 1.2),操作溫度10~40℃、濕度10~80%,黑色機身與簡約型底座,前後傾斜-2°~20°,VESA 100x100mm壁掛,再生資源塑料22.30%,電源AC 100~240V外接電源變壓器,最大耗電25W,尺寸含底座612.1x463.3x217.4mm,不含底座612.1x363.5x41.4mm,包裝尺寸678x155x430mm,重量含底座3.8kg、不含底座3.4kg、包裝重量5.6kg,配件1.5m電源線、HDMI線
LS24C310EACXZW,型號：S24C310EAC,24吋 S3 平面顯示器 C310,24吋16:9 IPS平面螢幕,FHD(1920x1080)解析度,最大75Hz更新頻率,5ms(GtG)反應時間,250/200 cd㎡亮度(典型/最小),原生對比1000:1,178°寬廣視角,1670萬色彩支援,NTSC 72%,低藍光模式,零閃屏,遊戲模式,影像尺寸調整,Windows 10認證,FreeSync,Off Timer Plus,省電模式自由選,介面：D-Sub x1、HDMI 1.4 x1(HDCP 1.2)、耳機孔,操作溫度10~40℃、濕度10~80%,黑色機身與簡約型底座,前後傾斜-2°~20°,VESA 100x100mm壁掛,再生資源塑料20.6%,電源AC 100~240V外接電源變壓器,最大耗電25W,尺寸含底座539.5x422.8x217.4mm,不含底座539.5x322.8x41.2mm,包裝尺寸607x147x380mm,重量含底座2.8kg、不含底座2.4kg、包裝重量4.3kg,配件1.5m電源線、HDMI線
LC32T550FDCXZW,型號：C32T550FDC,32吋1000R曲面顯示器 CT55,32吋16:9 VA曲面螢幕,1000R曲率,FHD(1920x1080)解析度,最大75Hz更新頻率,4ms(GtG)反應時間,250/200 cd㎡亮度(典型/最小),原生對比3000:1 (Typ.),動態對比Mega,178°寬廣視角,色彩支援1670萬色,NTSC覆蓋度0.806,DCI色域0.88,sRGB覆蓋率1.193,Adobe RGB覆蓋率0.884,低藍光模式,零閃屏,遊戲模式,Windows 10認證,FreeSync,Off Timer Plus,HDMI-CEC,介面：D-Sub x1、DisplayPort 1.2 x1、HDMI 1.4 x1,內建5W立體聲喇叭,音訊輸入與耳機孔,操作溫度10~40℃、濕度10~80%,校正均勻度0.75,黑色機身與圓型底座,前後傾斜-3°~20°,壁掛100x100mm,電源AC 100~240V外接電源變壓器,DPMS休眠與關閉模式耗電0.5W,尺寸含底座708.8x514.4x271.7mm,不含底座708.8x426.0x133.5 mm,包裝尺寸806x242x520 mm,重量含底座6.4kg、不含底座4.9kg、包裝重量9.3kg,配件1.5m電源線、HDMI線
LC27T550FDCXZW,型號：C27T550FDC,27吋1000R曲面顯示器 CT55,27吋16:9 VA曲面螢幕,1000R曲率,FHD(1920x1080)解析度,最大75Hz更新頻率,4ms(GtG)反應時間,250/200 cd㎡亮度(典型/最小),原生對比3000:1 (Typ.),動態對比Mega,178°寬廣視角,色彩支援1670萬色,NTSC覆蓋度0.806,DCI色域0.88,sRGB覆蓋率1.193,Adobe RGB覆蓋率0.884,低藍光模式,零閃屏,遊戲模式,Windows 10認證,FreeSync,Off Timer Plus,HDMI-CEC,介面：D-Sub x1、DisplayPort 1.2 x1、HDMI 1.4 x1,音訊輸入與耳機孔,內建立體聲喇叭,操作溫度10~40℃、濕度10~80%,校正均勻度75%,黑色機身與圓型底座,前後傾斜-3°~20°,壁掛100x100mm,電源AC 100~240V 50/60Hz外接電源變壓器,DPMS休眠及關閉模式耗電0.5W,尺寸含底座613.2x458.1x249.6mm,不含底座613.2x369.7x112.5mm,包裝尺寸698x199x452mm,重量含底座5.1kg、不含底座3.8kg、包裝重量6.8kg,配件1.5m電源線、HDMI線
LC24T550FDCXZW,型號：C24T550FDC,24吋1000R曲面顯示器 CT55,24吋16:9 VA曲面螢幕,1000R曲率,FHD(1920x1080)解析度,最大75Hz更新頻率,4ms(GtG)反應時間,250/200 cd㎡亮度(典型/最小),原生對比3000:1 (Typ.),動態對比Mega,178°寬廣視角,色彩支援1670萬色,NTSC覆蓋度0.806,DCI色域0.88,sRGB覆蓋率1.193,Adobe RGB覆蓋率0.884,低藍光模式,零閃屏,遊戲模式,Windows 10認證,FreeSync,Off Timer Plus,HDMI-CEC,介面：D-Sub x1、DisplayPort 1.2 x1、HDMI 1.4 x1、耳機孔,操作溫度10~40℃、濕度10~80%,校正均勻度0.75,黑色機身與圓型底座,前後傾斜-3°~20°,壁掛100x100mm,電源AC 100~240V 50/60Hz外接電源變壓器,DPMS休眠及關閉模式耗電0.5W,尺寸含底座539.5x413.6x249.6mm,不含底座539.5x325.5x103.0mm,包裝尺寸605x194x387mm,重量含底座4.2kg、不含底座2.9kg、包裝重量5.6kg,配件1.5m電源線、HDMI線
LU32R591CWCXZW,型號：U32R591CWC,32吋4K UHD曲面顯示器 UR591C,32吋16:9 VA曲面螢幕,1500R曲率,4K UHD(3840x2160)解析度,60Hz更新頻率,4ms(GtG)反應時間,250/200 cd㎡亮度(典型/最小),原生對比2500:1(Typ.),動態對比Mega ∞ DCR,178°寬廣視角,10億色彩支援,NTSC 73%,sRGB 103%,Adobe RGB 76%,低藍光模式,零閃屏,遊戲模式,影像尺寸調整,Easy Setting Box,PBP畫面分割,Windows 10認證,Off Timer Plus,Samsung MagicBright,介面：DisplayPort 1.2 x1、HDMI 2.0 x1、耳機孔,操作溫度10~40℃、濕度10~80%,白色機身與Y形底座,前後傾斜-1°~17°,電源AC 100~240V外接電源變壓器,最大耗電59W,DPMS休眠與關閉模式≤0.3W,尺寸含底座712.7x515.0x237.9mm,不含底座712.7x420.9x83.6mm,包裝尺寸795x189x503mm,重量含底座5.5kg、不含底座4.8kg、包裝重量8.4kg,配件HDMI線
LU32R590CWCXZW,型號：U32R590CWC,32吋4K UHD曲面顯示器 UR590,32吋16:9 VA曲面螢幕,1500R曲率,FHD(3840x2160)解析度,60Hz更新頻率,4ms(GtG)反應時間,250/200 cd㎡亮度(典型/最小),原生對比2500:1(Typ.),動態對比Mega ∞ DCR,178°寬廣視角,10億色彩支援,NTSC 73%,sRGB 103%,Adobe RGB 76%,低藍光模式,零閃屏,遊戲模式,影像尺寸調整,Easy Setting Box,PBP畫面分割,Windows 10認證,Off Timer Plus,Samsung MagicBright,介面：DisplayPort 1.2 x1、HDMI 2.0 x1、耳機孔,操作溫度10~40℃、濕度10~80%,黑色機身與Y型底座,前後傾斜-1°~17°,電源AC 100~240V外接電源變壓器,最大耗電59W,DPMS休眠與關閉模式≤0.3W,尺寸含底座712.7x515.0x237.9mm,不含底座712.7x420.9x83.6mm,包裝尺寸795x189x503mm,重量含底座5.5kg、不含底座4.8kg、包裝重量8.4kg,配件HDMI線及快速安裝指南
LC27R500FHCXZW,型號：C27R500FHC,27吋FHD曲面顯示器 CR50,27吋16:9 VA曲面螢幕,1800R曲率,FHD(1920x1080)解析度,60Hz更新頻率,4ms(GtG)反應時間,250/220 cd㎡亮度(典型/最小),峰值亮度300 cd㎡,原生對比3000:1(Typ.),動態對比Mega,178°寬廣視角,1670萬色彩支援,NTSC 72%,低藍光模式,零閃屏,遊戲模式,影像尺寸調整,Samsung MagicBright,Windows 10認證,FreeSync,省電模式自由選,介面：D-Sub x1、HDMI 1.4 x1、耳機孔,操作溫度10~40℃、濕度10~80%,黑色機身與Y型底座,前後傾斜-2°~22°,VESA 75x75mm壁掛,電源AC 100~240V外接電源變壓器,最大耗電35W,DPMS休眠與關閉模式低於0.3W,尺寸含底座614.2x466.2x251.2mm,不含底座614.2x362.8x73.8mm,包裝尺寸710x177x460mm,重量含底座4.3kg、不含底座3.5kg、包裝重量6.5kg,配件1.5m電源線、HDMI線
LS32C390EACXZW,型號：S32C390EAC,32吋1000R曲面顯示器 C390,32吋16:9 VA曲面螢幕,1000R曲率,FHD(1920x1080)解析度,最大75Hz更新頻率,4ms(GtG)反應時間,250/200 cd㎡亮度(典型/最小),原生對比3000:1(Typ.),178°寬廣視角,1670萬色彩支援,NTSC覆蓋度0.806,DCI色域0.88,sRGB覆蓋率1.193,Adobe RGB覆蓋率0.884,低藍光模式,零閃屏,遊戲模式,Windows 10認證,FreeSync,Off Timer Plus,自動來源切換,介面：DisplayPort 1.2 x1、HDMI 1.4 x2(HDCP 1.4)、耳機孔,內建5Wx2立體聲喇叭,操作溫度10~40℃、濕度10~80%,校正均勻度0.75,黑色機身與圓型底座,前後傾斜-3°~20°,電源AC 100~240V外接電源變壓器,最大耗電48W,尺寸含底座708.8x514.4x271.7mm,不含底座708.8x426.0x133.5mm,包裝尺寸806x242x542mm,重量含底座6.4kg、不含底座4.9kg、包裝重量9.3kg,配件1.5m電源線、HDMI線
LS27C390EACXZW,型號：S27C390EAC,27吋1000R曲面顯示器 C390,27吋16:9 VA曲面螢幕,1000R曲率,FHD(1920x1080)解析度,最大75Hz更新頻率,4ms(GtG)反應時間,250/200 cd㎡亮度(典型/最小),原生對比3000:1(Typ.),178°寬廣視角,1670萬色彩支援,NTSC覆蓋度0.806,DCI色域0.88,sRGB覆蓋率1.193,Adobe RGB覆蓋率0.884,低藍光模式,零閃屏,遊戲模式,Windows 10認證,FreeSync,Off Timer Plus,自動來源切換,介面：DisplayPort 1.2 x1、HDMI 1.4 x2(HDCP 1.4)、耳機孔,內建5Wx2立體聲喇叭,操作溫度10~40℃、濕度10~80%,校正均勻度75%,黑色機身與圓型底座,前後傾斜-3°~20°,電源AC 100~240V外接電源變壓器,尺寸含底座613.2x458.1x249.6mm,不含底座613.2x369.7x112.5mm,包裝尺寸698x199x452mm,重量含底座5.1kg、不含底座3.8kg、包裝重量6.8kg,配件1.5m電源線、HDMI線
LS32BM702UCXZW,型號：S32BM702UC,32吋智慧聯網螢幕 M7 (2022),32吋16:9 VA平面螢幕,4K UHD(3840x2160)解析度,最大60Hz更新頻率,4ms(GtG)反應時間,300/240 cd㎡亮度(典型/最小),原生對比3000:1(Typ.),178°寬廣視角,10億色彩支援,HDR10,低藍光模式,零閃屏,遊戲模式,Game Bar 2.0,HDMI-CEC,自動來源切換+,智慧偵測環境光源(Adaptive Picture),超寬遊戲螢幕(Ultrawide Game View),Tizen™作業系統,SmartThings支援,遠端存取,行動裝置畫面分享/螢幕鏡射/DLNA,感應連結(Tap View),聲音分享,ConnectShare™,Wireless Display,介面：HDMI 2.0 x2、USB 2.0 x3、USB-C x1(65W充電),WiFi5、藍牙5.2,內建立體聲喇叭,操作溫度10~40℃、濕度10~80%,工廠出廠調校,黑色機身與簡約型底座,前後傾斜-2°~22°,VESA 100x100mm壁掛,電源AC 100~240V內置電源,最大耗電150W,尺寸含底座716.1x517.0x193.5mm,不含底座716.1x424.5x41.8mm,包裝尺寸842x133x487mm,重量含底座6.5kg、不含底座5.4kg、包裝重量8.4kg,配件1.5m電源線、HDMI線、USB Type-C線、白色USB-C充電遙控器
LS32BM703UCXZW,型號：S32BM703UC,32吋智慧聯網螢幕 M7 白色 (2022),32吋16:9 VA平面螢幕,4K UHD(3840x2160)解析度,最大60Hz更新頻率,4ms(GtG)反應時間,300/240 cd㎡亮度(典型/最小),原生對比3000:1(Typ.),178°寬廣視角,10億色彩支援,HDR10,低藍光模式,零閃屏,遊戲模式,Game Bar 2.0,HDMI-CEC,自動來源切換+,智慧偵測環境光源(Adaptive Picture),超寬遊戲螢幕(Ultrawide Game View),Tizen™作業系統,SmartThings支援,遠端存取,行動裝置畫面分享/螢幕鏡射/DLNA,感應連結(Tap View),聲音分享,ConnectShare™,Wireless Display,介面：HDMI 2.0 x2、USB 2.0 x3、USB-C x1(65W充電),WiFi5、藍牙5.2,內建立體聲喇叭,操作溫度10~40℃、濕度10~80%,工廠出廠調校,白色機身與簡約型底座,前後傾斜-2°~22°,VESA 100x100mm壁掛,電源AC 100~240V內置電源,最大耗電150W,尺寸含底座716.1x517.0x193.5mm,不含底座716.1x424.5x41.8mm,包裝尺寸842x133x487mm,重量含底座6.8kg、不含底座5.7kg、包裝重量8.7kg,配件1.5m電源線、HDMI線、USB Type-C線、白色USB-C充電遙控器
LS49AG950NCXZW,型號：S49AG950NC,49吋Odyssey Neo G9 Mini LED曲面電競顯示器,49吋32:9 VA曲面螢幕,1000R曲率,DQHD(5120x1440)解析度,最大240Hz更新頻率,1ms(GtG)反應時間,420/300 cd㎡(典型/最小)亮度,2000 nit峰值亮度,原生對比1,000,000:1,動態對比Mega DCR,HDR10+支援,178°寬廣視角,10.7億色彩支援,NTSC 88%,DCI 95%,sRGB 125%,Adobe RGB 92%,低藍光模式,零閃屏,PIP子母畫面,PBP分割畫面,金屬量子點顯色技術,Windows 10認證,FreeSync Premium Pro,G-Sync相容,Off Timer Plus,黑平衡,低輸入延遲,更新頻率調整,自定義鍵,超級電競模式 UX,自動來源切換+,影像尺寸調整,介面：DisplayPort 1.4 x1(HDCP 2.2)、HDMI 2.1 x2(HDCP 2.2)、耳機孔、USB 3.0 x2,操作溫度10~40℃、濕度10~80%,工廠出廠調校,色彩支援模式多樣,黑色機身,HAS高度調整底座(120mm),前後傾斜-3°~13°,左右旋轉-15°~15°,VESA 100x100mm壁掛,內置電源,最大耗電不詳,尺寸含底座1149.5x537.2x418.3mm,不含底座1149.5x363.5x287.4mm,重量含底座14.5kg、不含底座11.9kg,包裝重量20.4kg,配件電源線、DP線、USB 3.0線
LS32FG502ECXZW,型號：S32FG502EC,32吋Odyssey G5 平面電競顯示器 G50F,32吋16:9平面螢幕,QHD(2560x1440) Fast IPS面板,可視面積698.112x392.688mm,亮度300/240 cd/㎡(典型/最小),原生對比1000:1,HDR10,色彩支援16.7M,色域sRGB 99%,更新頻率Max 180Hz,反應時間1ms(GtG),178°/178°視角,支援AMD FreeSync,G-Sync相容,低藍光模式,零閃屏,黑平衡,虛擬準心,自動來源切換+,Off Timer Plus,介面:DisplayPort 1.2 x1(HDCP 2.2),HDMI 2.0 x1(HDCP 2.2),耳機孔x1,操作溫度10~40℃/濕度10~80%,黑色機身,HAS升降底座(105mm),前後傾斜-2°~25°,左右旋轉-45°~45°,垂直旋轉-92°~92°,100x100mm 壁掛,電源AC 100~240V 外接電源變壓器,最高耗電59W,機身含底座尺寸714.6x625.9x250.2mm,不含底座714.6x418.4x45.7mm,包裝尺寸790x124x565mm,重量含底座4.9kg,不含底座3.6kg,包裝重量8.0kg,配件:1.5m電源線、HDMI連接線、DP連接線。
LS27H704EACXZW,型號：S27H704EAC,27吋 ViewFinity S7 平面高解析度顯示器 S70H,27吋16:9 IPS平面螢幕,4K UHD(3840x2160)解析度,最大60Hz更新頻率,5ms反應時間,350 cd/㎡亮度(典型),原生對比1000:1,HDR10,178°寬廣視角,10.7億色彩支援,sRGB 99%色域,低藍光模式,零閃屏,智慧偵測環境光源(Adaptive Picture),Windows 11認證,自動來源切換 Auto Source Switch+,HAS高度調整支架(120mm),前後傾斜-2°~25°,左右旋轉-30°~30°,垂直旋轉-92°~92°,VESA 100x100mm壁掛,電源AC 100~240V外接變壓器,最大耗電50W,尺寸含底座612.9x538.1x220.0mm,不含底座612.9x367.7x48.5mm,重量含底座4.9kg,不含底座3.4kg,配件電源線、HDMI線
LS32HG802SCXZW,型號：S32HG802SC,32吋 Odyssey OLED G8 平面電競顯示器 G80SD,32吋16:9 OLED平面螢幕,4K UHD(3840x2160)解析度,最大240Hz更新頻率,0.03ms(GtG)反應時間,亮度典型250 cd/㎡/最小200 cd/㎡,原生對比1000000:1(Typ),HDR10+ Gaming,178°寬廣視角,10.7億色彩支援,色域DCI 99%,低藍光模式,零閃屏,AMD FreeSync Premium Pro,G-Sync相容,自動來源切換 Auto Source Switch+,智慧作業系統Tizen,Bixby語音助理,SmartThings Hub,WiFi5與藍牙5.2,10W立體聲喇叭,介面：HDMI 2.1 x2、DisplayPort 1.4 x1、USB Hub,HAS高度調整支架(120mm),前後傾斜-2.0°~25.0°,左右旋轉-30.0°~30.0°,垂直旋轉-92.0°~92.0°,VESA 100x100mm壁掛,電源AC 100~240V外接變壓器,最大耗電180W,尺寸含底座719.7x584.6x263.5mm,不含底座719.7x414.7x49.2mm,包裝尺寸815x200x530mm,重量含底座8.4kg,不含底座5.3kg,包裝重量12.0kg,配件電源線、HDMI線、DP線、遙控器
LS32HG806ESXZW,型號：S32HG806ES,32吋 Odyssey IPS G8 雙模平面電競顯示器 G80HS,32吋16:9 IPS平面螢幕,雙模 6K 165Hz / 3K 330Hz,1ms(GtG)反應時間,亮度典型350 cd/㎡/峰值400 cd/㎡,原生對比1000:1,HDR10+ Gaming,178°/178°視角,10.7億色彩,sRGB 99%,FreeSync Premium Pro,G-Sync相容,自動來源切換+,介面：DisplayPort 2.1 x1、HDMI 2.1 x2、USB 3.2 Hub、耳機孔,HAS人體工學升降底座(120mm),前後傾斜-5.0°~25.0°,左右旋轉-30.0°~30.0°,垂直旋轉-92.0°~92.0°,VESA 100x100mm壁掛,外接變壓器,尺寸含底座714.5x584.6x263.5mm,不含底座714.5x422.3x59.6mm,重量含底座8.4kg,不含底座4.9kg,配件電源線、HDMI線、DP線
LS32FM501ECXZW,型號：S32FM501EC,32吋 Smart Monitor M5 智慧聯網螢幕 M50F,32吋16:9 VA平面螢幕,FHD(1920x1080)解析度,最大60Hz更新頻率,4ms(GtG)反應時間,亮度典型250 cd/㎡/最小200 cd/㎡,原生對比3000:1(Typ),HDR10,178°寬廣視角,1670萬色彩支援,低藍光模式,零閃屏,影像尺寸調整,智慧偵測環境光源(Adaptive Picture),自動來源切換+,Tizen™作業系統,SmartThings支援,行動裝置鏡射,Wireless Display,WiFi5與藍牙5.2,介面：HDMI 2.0 x2、USB 2.0 x2,內建立體聲喇叭,前後傾斜-2.0°~22.0°,VESA 100x100mm壁掛,電源AC 100~240V內置電源,最大耗電50W,尺寸含底座716.1x517.0x193.5mm,不含底座716.1x424.5x41.8mm,包裝尺寸842x133x487mm,重量含底座6.2kg,不含底座5.0kg,包裝重量8.0kg,配件電源線、HDMI線、遙控器
LS27HG806EFXZW,型號：S27HG806EF,27吋 Odyssey G8 G80HF 雙模平面電競顯示器,27吋16:9 IPS平面螢幕,解析度 雙模 5K 180Hz / QHD 360Hz,更新頻率 最大 360Hz,反應時間 1ms(GtG),對比度 1000:1 (Typ.),可視角度 178° / 178°,官網網址： https://www.samsung.com/tw/monitors/gaming/odyssey-g8-g80hf-27-inch-dual-mode-5k-180hz-qhd-360hz-ls27hg806efxzw/
LS27HG802SCXZW,型號：S27HG802SC,27吋 Odyssey OLED G8 G80SH 4K UHD 平面電競顯示器,27吋16:9 OLED平面螢幕,解析度 4K UHD (3840 x 2160),更新頻率 最大 240Hz,反應時間 0.03ms(GtG),對比度 1000000:1 (Typ.),可視角度 178° / 178°,官網網址： https://www.samsung.com/tw/monitors/gaming/odyssey-oled-g8-g80sh-27-inch-4k-uhd-240hz-ls27hg802scxzw/
LS27HG612SCXZW,型號：S27HG612SC,27吋 Odyssey OLED G6 G61SH QHD 平面電競顯示器,27吋16:9 OLED平面螢幕,解析度 QHD (2560 x 1440),更新頻率 最大 360Hz,反應時間 0.03ms(GtG),對比度 1000000:1 (Typ.),可視角度 178° / 178°,官網網址： https://www.samsung.com/tw/monitors/gaming/odyssey-oled-g6-g61sh-27-inch-240hz-oled-qhd-ls27hg612scxzw/
LS27FG502ECXZW,型號：S27FG502EC,27吋 Odyssey G5 平面電競顯示器 G50F,27吋16:9 IPS平面螢幕,解析度 QHD (2560 x 1440),更新頻率 最大 180Hz,反應時間 1ms(GtG),對比度 1000:1 (Typ.),可視角度 178° / 178°,官網網址： https://www.samsung.com/tw/monitors/gaming/odyssey-g5-g50f-27-inch-180hz-qhd-ls27fg502ecxzw/
LS32FM500ECXZW,型號：S32FM500EC,32吋智慧聯網螢幕 M5 M50F,32吋16:9 VA平面螢幕,解析度 FHD (1920 x 1080),更新頻率 最大 60Hz,反應時間 4ms(GtG),對比度 3000:1 (Typ.),可視角度 178° / 178°,官網網址： https://www.samsung.com/tw/monitors/smart/smart-monitor-m5-32-inch-smart-tv-apps-ls32fm500ecxzw/
LS22D400GACXZW,型號：S22D400GAC,22吋 S4 IPS 平面顯示器 S40GD,22吋16:9 IPS平面螢幕,解析度 FHD (1920 x 1080),更新頻率 最大 100Hz,反應時間 5ms(GtG),對比度 1000:1 (Typ.),可視角度 178° / 178°,官網網址： https://www.samsung.com/tw/monitors/full-hd-1080p/essential-monitor-s4-s40gd-22-inch-fhd-ips-100hz-ls22d400gacxzw/
LS24D400GACXZW,型號：S24D400GAC,24吋 S4 IPS 平面顯示器 S40GD,24吋16:9 IPS平面螢幕,解析度 FHD (1920 x 1080),更新頻率 最大 100Hz,反應時間 5ms(GtG),對比度 1000:1 (Typ.),可視角度 178° / 178°,官網網址： https://www.samsung.com/tw/monitors/full-hd-1080p/essential-monitor-s4-s40gd-24-inch-fhd-ips-100hz-ls24d400gacxzw/
LS24D300GACXZW,型號：S24D300GAC,24吋 S3 IPS 平面顯示器 S30GD,24吋16:9 IPS平面螢幕,解析度 FHD (1920 x 1080),更新頻率 最大 100Hz,反應時間 5ms(GtG),對比度 1000:1 (Typical),可視角度 178° / 178°,官網網址： https://www.samsung.com/tw/monitors/full-hd-1080p/essential-monitor-s3-s30gd-24-inch-fhd-ips-100hz-ls24d300gacxzw/
LS24D362GACXZW,型號：LS24D362GAC,24吋 S3 曲面顯示器 S36GD,24吋16:9 VA曲面螢幕,解析度 FHD (1920 x 1080),更新頻率 最大 100Hz,反應時間 4ms(GtG),對比度 3000:1 (Typ.),可視角度 178° / 178°,官網網址： https://www.samsung.com/tw/monitors/curved/essential-monitor-s3-24-inch-100hz-ls24d362gacxzw/
LS27D806UACXZW,型號：S27D806UAC,27吋 ViewFinity S8 UHD 高解析度平面顯示器 S80UD,27吋16:9 IPS平面螢幕,解析度 4K UHD (3840 x 2160),更新頻率 最大 60Hz,反應時間 5ms(GtG),對比度 1000:1 (Typ.),可視角度 178° / 178°,官網網址： https://www.samsung.com/tw/monitors/high-resolution/viewfinity-s8-27-inch-uhd-usbc-easysetupstand-ls27d806uacxzw/
LS32D707EACXZW,型號：S32D707EAC,32吋 ViewFinity S7 UHD 高解析度平面顯示器 S70D,32吋16:9 VA平面螢幕,解析度 4K UHD (3840 x 2160),更新頻率 最大 60Hz,反應時間 5ms(GtG),對比度 3000:1 (Typ.),可視角度 178° / 178°,官網網址： https://www.samsung.com/tw/monitors/high-resolution/viewfinity-s7-32-inch-uhd-hdr10-easysetupstand-ls32d707eacxzw/
LS27D706EACXZW,型號：S27D706EAC,27吋 ViewFinity S7 UHD 高解析度平面顯示器 S70D,27吋16:9 IPS平面螢幕,解析度 4K UHD (3840 x 2160),更新頻率 最大 60Hz,反應時間 5ms(GtG),對比度 1000:1 (Typ.),可視角度 178° / 178°,官網網址： https://www.samsung.com/tw/monitors/high-resolution/viewfinity-s7-27-inch-uhd-hdr10-easysetupstand-ls27d706eacxzw/
LS24D604UACXZW,型號：S24D604UAC,24吋 ViewFinity S6 QHD 高解析度平面顯示器 S60UD,24吋16:9 IPS平面螢幕,解析度 QHD (2560 x 1440),更新頻率 最大 100Hz,反應時間 5ms(GtG),對比度 1000:1 (Typ.),可視角度 178° / 178°,官網網址： https://www.samsung.com/tw/monitors/high-resolution/viewfinity-s6-24-inch-qhd-100hz-easysetupstand-ls24d604uacxzw/
LS27D606UACXZW,型號：S27D606UAC,27吋 ViewFinity S6 QHD 高解析度平面顯示器 S60UD,27吋16:9 IPS平面螢幕,解析度 QHD (2560 x 1440),更新頻率 最大 100Hz,反應時間 5ms(GtG),對比度 1000:1 (Typ.),可視角度 178° / 178°,官網網址： https://www.samsung.com/tw/monitors/high-resolution/viewfinity-s6-27-inch-qhd-100hz-easysetupstand-ls27d606uacxzw/
LS32CM801UCXZW,型號：LS32CM801UC,32吋智慧聯網螢幕 M8 (2023),32吋16:9 VA平面螢幕,解析度 4K UHD (3840 x 2160),更新頻率 最大 60Hz,反應時間 4ms(GtG),對比度 3000:1 (靜態),可視角度 178° / 178°,官網網址： https://www.samsung.com/tw/monitors/high-resolution/smart-m8-m80c-32-inch-uhd-4k-smart-tv-apps-ls32cm801ucxzw/
LS32CM80GUCXZW,型號：LS32CM80GUC,32吋智慧聯網螢幕 M8 (2023) 綠色,32吋16:9 VA平面螢幕,解析度 4K UHD (3840 x 2160),更新頻率 最大 60Hz,反應時間 4ms(GtG),對比度 3000:1 (靜態),可視角度 178° / 178°,官網網址： https://www.samsung.com/tw/monitors/high-resolution/smart-m8-m80c-32-inch-uhd-4k-smart-tv-apps-ls32cm80gucxzw/
LS32CM80BUCXZW,型號：LS32CM80BUC,32吋智慧聯網螢幕 M8 (2023) 藍色,32吋16:9 VA平面螢幕,解析度 4K UHD (3840 x 2160),更新頻率 最大 60Hz,反應時間 4ms(GtG),對比度 3000:1 (靜態),可視角度 178° / 178°,官網網址： https://www.samsung.com/tw/monitors/high-resolution/smart-m8-m80c-32-inch-uhd-4k-smart-tv-apps-ls32cm80bucxzw/
LS32CM80PUCXZW,型號：LS32CM80PUC,32吋智慧聯網螢幕 M8 (2023) 粉色,32吋16:9 VA平面螢幕,解析度 4K UHD (3840 x 2160),更新頻率 最大 60Hz,反應時間 4ms(GtG),對比度 3000:1 (靜態),可視角度 178° / 178°,官網網址： https://www.samsung.com/tw/monitors/high-resolution/smart-m8-m80c-32-inch-uhd-4k-smart-tv-apps-ls32cm80pucxzw/
LS27CM703UCXZW,型號：LS27CM703UC,27吋智慧聯網螢幕 M7 (2023),27吋16:9 VA平面螢幕,解析度 4K UHD (3840 x 2160),更新頻率 最大 60Hz,反應時間 4ms(GtG),對比度 3000:1 (靜態),可視角度 178° / 178°,官網網址： https://www.samsung.com/tw/monitors/high-resolution/smart-m7-m70c-27-inch-uhd-4k-smart-tv-apps-ls27cm703ucxzw/
LS32CM703UCXZW,型號：LS32CM703UC,32吋智慧聯網螢幕 M7 (2023),32吋16:9 VA平面螢幕,解析度 4K UHD (3840 x 2160),更新頻率 最大 60Hz,反應時間 4ms(GtG),對比度 3000:1 (靜態),可視角度 178° / 178°,官網網址： https://www.samsung.com/tw/monitors/high-resolution/smart-m7-m70c-32-inch-uhd-4k-smart-tv-apps-ls32cm703ucxzw/
LS27CM501ECXZW,型號：LS27CM501EC,27吋智慧聯網螢幕 M5 (2023) 白色,27吋16:9 VA平面螢幕,解析度 FHD (1920 x 1080),更新頻率 最大 60Hz,反應時間 4ms(GtG),對比度 3000:1 (Typ.),可視角度 178° / 178°,官網網址： https://www.samsung.com/tw/monitors/flat/smart-monitor-m5-27-inch-smart-tv-apps-ls27cm501ecxzw/
LS27CM500ECXZW,型號：LS27CM500EC,27吋智慧聯網螢幕 M5 (2023) 黑色,27吋16:9 VA平面螢幕,解析度 FHD (1920 x 1080),更新頻率 最大 60Hz,反應時間 4ms(GtG),對比度 3000:1 (Typ.),可視角度 178° / 178°,官網網址： https://www.samsung.com/tw/monitors/flat/smart-monitor-m5-27-inch-smart-tv-apps-ls27cm500ecxzw/
LS24A600NACXZW,型號：LS24A600NAC,24吋 S6 QHD 高解析度平面顯示器 (ENERGY STAR),24吋16:9 IPS平面螢幕,解析度 QHD (2560 x 1440),更新頻率 最大 75Hz,反應時間 5ms(GtG),對比度 1000:1 (Typ.),可視角度 178° / 178°,官網網址： https://www.samsung.com/tw/monitors/high-resolution/s60a-24--24-inch-ips-uhd-4k-ls24a600nacxzw/
LS27A600NACXZW,型號：LS27A600NAC,27吋 S6 QHD 高解析度平面顯示器 (ENERGY STAR),27吋16:9 IPS平面螢幕,解析度 QHD (2560 x 1440),更新頻率 最大 75Hz,反應時間 5ms(GtG),對比度 1000:1 (Typ.),可視角度 178° / 178°,官網網址： https://www.samsung.com/tw/monitors/high-resolution/s60a-27--27-inch-ips-uhd-4k-ls27a600nacxzw/
LS34A650UBCXZW,型號：LS34A650UBC,34吋 S6 Ultra WQHD 高解析度曲面顯示器 (ENERGY STAR),34吋21:9 VA曲面螢幕,解析度 Ultra WQHD (3440 x 1440),更新頻率 最大 100Hz,反應時間 5ms(GtG),對比度 4000:1 (Typ.),可視角度 178° / 178°,官網網址： https://www.samsung.com/tw/monitors/high-resolution/s65ua-34-inch-ls34a650ubcxzw/
LC32G55TQBCXZW,型號：LC32G55TQBC,32吋 Odyssey G5 1000R 曲面電競顯示器,32吋16:9 VA曲面螢幕,解析度 QHD (2560 x 1440),更新頻率 最大 144Hz,反應時間 1ms(MPRT),對比度 2500:1 (Typ.),可視角度 178° / 178°,官網網址： https://www.samsung.com/tw/monitors/gaming/odyssey-g5-32-inch-144hz-1ms-curved-lc32g55tqbcxzw/
LC27G55TQBCXZW,型號：LC27G55TQBC,27吋 Odyssey G5 1000R 曲面電競顯示器,27吋16:9 VA曲面螢幕,解析度 QHD (2560 x 1440),更新頻率 最大 144Hz,反應時間 1ms(MPRT),對比度 2500:1 (Typ.),可視角度 178° / 178°,官網網址： https://www.samsung.com/tw/monitors/gaming/odyssey-g5-27-inch-144hz-1ms-curved-lc27g55tqbcxzw/
LS28BG700ECXZW,型號：LS28BG700EC,28吋 Odyssey G7 平面電競顯示器 G70B,28吋16:9 IPS平面螢幕,解析度 4K UHD (3840 x 2160),更新頻率 最大 144Hz,反應時間 1ms(GtG),對比度 1000:1 (Typ.),可視角度 178° / 178°,官網網址： https://www.samsung.com/tw/monitors/gaming/odyssey-g70b-g7-28-inch-ips-144hz-1ms-uhd-4k-ls28bg700ecxzw/
LS27BG650ECXZW,型號：LS27BG650EC,27吋 Odyssey G6 1000R 曲面電競顯示器 G65B,27吋16:9 VA曲面螢幕,解析度 QHD (2560 x 1440),更新頻率 最大 240Hz,反應時間 1ms(GtG),對比度 2500:1 (Typ.),可視角度 178° / 178°,官網網址： https://www.samsung.com/tw/monitors/gaming/odyssey-g65b-g6-27-inch-240hz-1ms-curved-qhd-1440p-ls27bg650ecxzw/
LS49A950UICXZW,型號：LS49A950UIC,49吋 S9 高解析度超寬曲面顯示器 S95UA,49吋32:9 VA曲面螢幕,解析度 DQHD (5120 x 1440),更新頻率 最大 120Hz,反應時間 4ms(GtG),對比度 3000:1 (Typ.),可視角度 178° / 178°,官網網址： https://www.samsung.com/tw/monitors/high-resolution/s95ua-49-inch-dqhd-curved-ls49a950uicxzw/
LS43BM700UCXZW,型號：LS43BM700UC,43吋智慧聯網螢幕 M7 (2022),43吋16:9 VA平面螢幕,解析度 4K UHD (3840 x 2160),更新頻率 最大 60Hz,反應時間 4ms(GtG),對比度 5000:1 (Typ.),可視角度 178° / 178°,官網網址： https://www.samsung.com/tw/monitors/high-resolution/smart-m7-43-inch-smart-tv-experience-ls43bm700ucxzw/
LS27AG320NCXZW,型號：S27AG320NC,27吋 Odyssey G3 平面電競顯示器 G32A,27吋16:9 VA平面螢幕,解析度 FHD (1920 x 1080),更新頻率 最大 165Hz,反應時間 1ms(MPRT),對比度 3000:1 (Typ.),可視角度 178° / 178°,官網網址： https://www.samsung.com/tw/monitors/gaming/odyssey-g32a-g3-27-inch-165hz---freesync-ls27ag320ncxzw/
LS27BM500ECXZW,型號：LS27BM500EC,27吋智慧聯網螢幕 M5 (2022),27吋16:9 VA平面螢幕,解析度 FHD (1920 x 1080),更新頻率 最大 60Hz,反應時間 4ms(GtG),對比度 3000:1 (Typ.),可視角度 178° / 178°,官網網址： https://www.samsung.com/tw/monitors/flat/smart-m5-27-inch-smart-tv-experience-ls27bm500ecxzw/
LS32BM801UCXZW,型號：S32BM801UC,32吋智慧聯網螢幕 M8 (2022) 白色,32吋16:9 VA平面螢幕,解析度 4K UHD (3840 x 2160),更新頻率 最大 60Hz,反應時間 4ms(GtG),對比度 3000:1 (Typ.),可視角度 178° / 178°,官網網址： https://www.samsung.com/tw/monitors/high-resolution/smart-m8-32-inch-uhd-4k-ls32bm801ucxzw/
LS32BM80GUCXZW,型號：S32BM80GUC,32吋智慧聯網螢幕 M8 (2022) 綠色,32吋16:9 VA平面螢幕,解析度 4K UHD (3840 x 2160),更新頻率 最大 60Hz,反應時間 4ms(GtG),對比度 3000:1 (Typ.),可視角度 178° / 178°,官網網址： https://www.samsung.com/tw/monitors/high-resolution/smart-m8-32-inch-uhd-4k-ls32bm80gucxzw/
LS32BM80BUCXZW,型號：LS32BM80BUC,32吋智慧聯網螢幕 M8 (2022) 藍色,32吋16:9 VA平面螢幕,解析度 4K UHD (3840 x 2160),更新頻率 最大 60Hz,反應時間 4ms(GtG),對比度 3000:1 (Typ.),可視角度 178° / 178°,官網網址： https://www.samsung.com/tw/monitors/high-resolution/smart-m8-32-inch-uhd-4k-ls32bm80bucxzw/
LS32BM80PUCXZW,型號：LS32BM80PUC,32吋智慧聯網螢幕 M8 (2022) 粉色,32吋16:9 VA平面螢幕,解析度 4K UHD (3840 x 2160),更新頻率 最大 60Hz,反應時間 4ms(GtG),對比度 3000:1 (Typ.),可視角度 178° / 178°,官網網址： https://www.samsung.com/tw/monitors/high-resolution/smart-m8-32-inch-uhd-4k-ls32bm80pucxzw/
LS32AM703UCXZW,型號：S32AM703UC,32吋智慧聯網螢幕 M7 (白色),32吋16:9 VA平面螢幕,解析度 4K UHD (3840 x 2160),更新頻率 最大 60Hz,反應時間 8ms(GtG),對比度 3000:1 (Typ.),可視角度 178° / 178°,官網網址： https://www.samsung.com/tw/monitors/high-resolution/smart-m7-32-inch-ls32am703ucxzw/
LS24AM506NCXZW,型號：S24AM506NC,24吋智慧聯網螢幕 M5,24吋16:9 VA平面螢幕,解析度 FHD (1920 x 1080),更新頻率 最大 60Hz,反應時間 14ms,對比度 1000:1 (Typ.),可視角度 178° / 178°,官網網址： https://www.samsung.com/tw/monitors/flat/smart-m5-24-inch-smart-tv-apps-ls24am506ncxzw/
LS27A600NWCXZW,型號：S27A600NWC,27吋 S6 QHD 高解析度平面顯示器 (ENERGY STAR) 白色,27吋16:9 IPS平面螢幕,解析度 QHD (2560 x 1440),更新頻率 最大 75Hz,反應時間 5ms(GtG),對比度 1000:1 (Typ.),可視角度 178° / 178°,官網網址： https://www.samsung.com/tw/monitors/high-resolution/s60a-27-27-inch-ips-uhd-4k-ls27a600nwcxzw/
